ISO-10303-21;
HEADER;
/* Generated by software containing ST-Developer
 * from STEP Tools, Inc. (www.steptools.com) 
 */

FILE_DESCRIPTION(
/* description */ (''),
/* implementation_level */ '2;1');

FILE_NAME(
/* name */ 'plywood workbenchg.step',
/* time_stamp */ '2026-07-11T00:44:21-07:00',
/* author */ (''),
/* organization */ (''),
/* preprocessor_version */ 'ST-DEVELOPER v20.1',
/* originating_system */ 'Autodesk Translation Framework v15.8.0.0',
/* authorisation */ '');

FILE_SCHEMA (('AUTOMOTIVE_DESIGN { 1 0 10303 214 3 1 1 }'));
ENDSEC;

DATA;
#10=MECHANICAL_DESIGN_GEOMETRIC_PRESENTATION_REPRESENTATION('',(#13,#14,
#15,#16,#17,#18,#19,#20,#21,#22,#23,#24,#25,#26,#27,#28,#29,#30,#31,#32),
#3052);
#11=SHAPE_REPRESENTATION_RELATIONSHIP('SRR','None',#3059,#12);
#12=ADVANCED_BREP_SHAPE_REPRESENTATION('',(#33,#34,#35,#36,#37,#38,#39,
#40,#41,#42,#43,#44,#45,#46,#47,#48,#49,#50,#51,#52),#3051);
#13=STYLED_ITEM('',(#3068),#33);
#14=STYLED_ITEM('',(#3068),#34);
#15=STYLED_ITEM('',(#3068),#35);
#16=STYLED_ITEM('',(#3068),#36);
#17=STYLED_ITEM('',(#3068),#37);
#18=STYLED_ITEM('',(#3068),#38);
#19=STYLED_ITEM('',(#3068),#39);
#20=STYLED_ITEM('',(#3068),#40);
#21=STYLED_ITEM('',(#3068),#41);
#22=STYLED_ITEM('',(#3068),#42);
#23=STYLED_ITEM('',(#3068),#43);
#24=STYLED_ITEM('',(#3068),#44);
#25=STYLED_ITEM('',(#3068),#45);
#26=STYLED_ITEM('',(#3068),#46);
#27=STYLED_ITEM('',(#3068),#47);
#28=STYLED_ITEM('',(#3068),#48);
#29=STYLED_ITEM('',(#3068),#49);
#30=STYLED_ITEM('',(#3068),#50);
#31=STYLED_ITEM('',(#3068),#51);
#32=STYLED_ITEM('',(#3068),#52);
#33=MANIFOLD_SOLID_BREP('Body1',#1893);
#34=MANIFOLD_SOLID_BREP('Body2',#1894);
#35=MANIFOLD_SOLID_BREP('Body3',#1895);
#36=MANIFOLD_SOLID_BREP('Body4',#1896);
#37=MANIFOLD_SOLID_BREP('Body5',#1897);
#38=MANIFOLD_SOLID_BREP('Body6',#1898);
#39=MANIFOLD_SOLID_BREP('Body7',#1899);
#40=MANIFOLD_SOLID_BREP('Body8',#1900);
#41=MANIFOLD_SOLID_BREP('Body9',#1901);
#42=MANIFOLD_SOLID_BREP('Body10',#1902);
#43=MANIFOLD_SOLID_BREP('Body11',#1903);
#44=MANIFOLD_SOLID_BREP('Body12',#1904);
#45=MANIFOLD_SOLID_BREP('Body13',#1905);
#46=MANIFOLD_SOLID_BREP('Body15',#1906);
#47=MANIFOLD_SOLID_BREP('Body16',#1907);
#48=MANIFOLD_SOLID_BREP('Body22',#1908);
#49=MANIFOLD_SOLID_BREP('Body23',#1909);
#50=MANIFOLD_SOLID_BREP('Body25',#1910);
#51=MANIFOLD_SOLID_BREP('Body26',#1911);
#52=MANIFOLD_SOLID_BREP('Body27',#1912);
#53=FACE_OUTER_BOUND('',#173,.T.);
#54=FACE_OUTER_BOUND('',#174,.T.);
#55=FACE_OUTER_BOUND('',#175,.T.);
#56=FACE_OUTER_BOUND('',#176,.T.);
#57=FACE_OUTER_BOUND('',#177,.T.);
#58=FACE_OUTER_BOUND('',#178,.T.);
#59=FACE_OUTER_BOUND('',#179,.T.);
#60=FACE_OUTER_BOUND('',#180,.T.);
#61=FACE_OUTER_BOUND('',#181,.T.);
#62=FACE_OUTER_BOUND('',#182,.T.);
#63=FACE_OUTER_BOUND('',#183,.T.);
#64=FACE_OUTER_BOUND('',#184,.T.);
#65=FACE_OUTER_BOUND('',#185,.T.);
#66=FACE_OUTER_BOUND('',#186,.T.);
#67=FACE_OUTER_BOUND('',#187,.T.);
#68=FACE_OUTER_BOUND('',#188,.T.);
#69=FACE_OUTER_BOUND('',#189,.T.);
#70=FACE_OUTER_BOUND('',#190,.T.);
#71=FACE_OUTER_BOUND('',#191,.T.);
#72=FACE_OUTER_BOUND('',#192,.T.);
#73=FACE_OUTER_BOUND('',#193,.T.);
#74=FACE_OUTER_BOUND('',#194,.T.);
#75=FACE_OUTER_BOUND('',#195,.T.);
#76=FACE_OUTER_BOUND('',#196,.T.);
#77=FACE_OUTER_BOUND('',#197,.T.);
#78=FACE_OUTER_BOUND('',#198,.T.);
#79=FACE_OUTER_BOUND('',#199,.T.);
#80=FACE_OUTER_BOUND('',#200,.T.);
#81=FACE_OUTER_BOUND('',#201,.T.);
#82=FACE_OUTER_BOUND('',#202,.T.);
#83=FACE_OUTER_BOUND('',#203,.T.);
#84=FACE_OUTER_BOUND('',#204,.T.);
#85=FACE_OUTER_BOUND('',#205,.T.);
#86=FACE_OUTER_BOUND('',#206,.T.);
#87=FACE_OUTER_BOUND('',#207,.T.);
#88=FACE_OUTER_BOUND('',#208,.T.);
#89=FACE_OUTER_BOUND('',#209,.T.);
#90=FACE_OUTER_BOUND('',#210,.T.);
#91=FACE_OUTER_BOUND('',#211,.T.);
#92=FACE_OUTER_BOUND('',#212,.T.);
#93=FACE_OUTER_BOUND('',#213,.T.);
#94=FACE_OUTER_BOUND('',#214,.T.);
#95=FACE_OUTER_BOUND('',#215,.T.);
#96=FACE_OUTER_BOUND('',#216,.T.);
#97=FACE_OUTER_BOUND('',#217,.T.);
#98=FACE_OUTER_BOUND('',#218,.T.);
#99=FACE_OUTER_BOUND('',#219,.T.);
#100=FACE_OUTER_BOUND('',#220,.T.);
#101=FACE_OUTER_BOUND('',#221,.T.);
#102=FACE_OUTER_BOUND('',#222,.T.);
#103=FACE_OUTER_BOUND('',#223,.T.);
#104=FACE_OUTER_BOUND('',#224,.T.);
#105=FACE_OUTER_BOUND('',#225,.T.);
#106=FACE_OUTER_BOUND('',#226,.T.);
#107=FACE_OUTER_BOUND('',#227,.T.);
#108=FACE_OUTER_BOUND('',#228,.T.);
#109=FACE_OUTER_BOUND('',#229,.T.);
#110=FACE_OUTER_BOUND('',#230,.T.);
#111=FACE_OUTER_BOUND('',#231,.T.);
#112=FACE_OUTER_BOUND('',#232,.T.);
#113=FACE_OUTER_BOUND('',#233,.T.);
#114=FACE_OUTER_BOUND('',#234,.T.);
#115=FACE_OUTER_BOUND('',#235,.T.);
#116=FACE_OUTER_BOUND('',#236,.T.);
#117=FACE_OUTER_BOUND('',#237,.T.);
#118=FACE_OUTER_BOUND('',#238,.T.);
#119=FACE_OUTER_BOUND('',#239,.T.);
#120=FACE_OUTER_BOUND('',#240,.T.);
#121=FACE_OUTER_BOUND('',#241,.T.);
#122=FACE_OUTER_BOUND('',#242,.T.);
#123=FACE_OUTER_BOUND('',#243,.T.);
#124=FACE_OUTER_BOUND('',#244,.T.);
#125=FACE_OUTER_BOUND('',#245,.T.);
#126=FACE_OUTER_BOUND('',#246,.T.);
#127=FACE_OUTER_BOUND('',#247,.T.);
#128=FACE_OUTER_BOUND('',#248,.T.);
#129=FACE_OUTER_BOUND('',#249,.T.);
#130=FACE_OUTER_BOUND('',#250,.T.);
#131=FACE_OUTER_BOUND('',#251,.T.);
#132=FACE_OUTER_BOUND('',#252,.T.);
#133=FACE_OUTER_BOUND('',#253,.T.);
#134=FACE_OUTER_BOUND('',#254,.T.);
#135=FACE_OUTER_BOUND('',#255,.T.);
#136=FACE_OUTER_BOUND('',#256,.T.);
#137=FACE_OUTER_BOUND('',#257,.T.);
#138=FACE_OUTER_BOUND('',#258,.T.);
#139=FACE_OUTER_BOUND('',#259,.T.);
#140=FACE_OUTER_BOUND('',#260,.T.);
#141=FACE_OUTER_BOUND('',#261,.T.);
#142=FACE_OUTER_BOUND('',#262,.T.);
#143=FACE_OUTER_BOUND('',#263,.T.);
#144=FACE_OUTER_BOUND('',#264,.T.);
#145=FACE_OUTER_BOUND('',#265,.T.);
#146=FACE_OUTER_BOUND('',#266,.T.);
#147=FACE_OUTER_BOUND('',#267,.T.);
#148=FACE_OUTER_BOUND('',#268,.T.);
#149=FACE_OUTER_BOUND('',#269,.T.);
#150=FACE_OUTER_BOUND('',#270,.T.);
#151=FACE_OUTER_BOUND('',#271,.T.);
#152=FACE_OUTER_BOUND('',#272,.T.);
#153=FACE_OUTER_BOUND('',#273,.T.);
#154=FACE_OUTER_BOUND('',#274,.T.);
#155=FACE_OUTER_BOUND('',#275,.T.);
#156=FACE_OUTER_BOUND('',#276,.T.);
#157=FACE_OUTER_BOUND('',#277,.T.);
#158=FACE_OUTER_BOUND('',#278,.T.);
#159=FACE_OUTER_BOUND('',#279,.T.);
#160=FACE_OUTER_BOUND('',#280,.T.);
#161=FACE_OUTER_BOUND('',#281,.T.);
#162=FACE_OUTER_BOUND('',#282,.T.);
#163=FACE_OUTER_BOUND('',#283,.T.);
#164=FACE_OUTER_BOUND('',#284,.T.);
#165=FACE_OUTER_BOUND('',#285,.T.);
#166=FACE_OUTER_BOUND('',#286,.T.);
#167=FACE_OUTER_BOUND('',#287,.T.);
#168=FACE_OUTER_BOUND('',#288,.T.);
#169=FACE_OUTER_BOUND('',#289,.T.);
#170=FACE_OUTER_BOUND('',#290,.T.);
#171=FACE_OUTER_BOUND('',#291,.T.);
#172=FACE_OUTER_BOUND('',#292,.T.);
#173=EDGE_LOOP('',(#1173,#1174,#1175,#1176));
#174=EDGE_LOOP('',(#1177,#1178,#1179,#1180));
#175=EDGE_LOOP('',(#1181,#1182,#1183,#1184));
#176=EDGE_LOOP('',(#1185,#1186,#1187,#1188));
#177=EDGE_LOOP('',(#1189,#1190,#1191,#1192));
#178=EDGE_LOOP('',(#1193,#1194,#1195,#1196));
#179=EDGE_LOOP('',(#1197,#1198,#1199,#1200));
#180=EDGE_LOOP('',(#1201,#1202,#1203,#1204));
#181=EDGE_LOOP('',(#1205,#1206,#1207,#1208));
#182=EDGE_LOOP('',(#1209,#1210,#1211,#1212));
#183=EDGE_LOOP('',(#1213,#1214,#1215,#1216));
#184=EDGE_LOOP('',(#1217,#1218,#1219,#1220));
#185=EDGE_LOOP('',(#1221,#1222,#1223,#1224));
#186=EDGE_LOOP('',(#1225,#1226,#1227,#1228));
#187=EDGE_LOOP('',(#1229,#1230,#1231,#1232));
#188=EDGE_LOOP('',(#1233,#1234,#1235,#1236));
#189=EDGE_LOOP('',(#1237,#1238,#1239,#1240));
#190=EDGE_LOOP('',(#1241,#1242,#1243,#1244));
#191=EDGE_LOOP('',(#1245,#1246,#1247,#1248));
#192=EDGE_LOOP('',(#1249,#1250,#1251,#1252));
#193=EDGE_LOOP('',(#1253,#1254,#1255,#1256));
#194=EDGE_LOOP('',(#1257,#1258,#1259,#1260));
#195=EDGE_LOOP('',(#1261,#1262,#1263,#1264));
#196=EDGE_LOOP('',(#1265,#1266,#1267,#1268));
#197=EDGE_LOOP('',(#1269,#1270,#1271,#1272));
#198=EDGE_LOOP('',(#1273,#1274,#1275,#1276));
#199=EDGE_LOOP('',(#1277,#1278,#1279,#1280));
#200=EDGE_LOOP('',(#1281,#1282,#1283,#1284));
#201=EDGE_LOOP('',(#1285,#1286,#1287,#1288));
#202=EDGE_LOOP('',(#1289,#1290,#1291,#1292));
#203=EDGE_LOOP('',(#1293,#1294,#1295,#1296));
#204=EDGE_LOOP('',(#1297,#1298,#1299,#1300));
#205=EDGE_LOOP('',(#1301,#1302,#1303,#1304));
#206=EDGE_LOOP('',(#1305,#1306,#1307,#1308));
#207=EDGE_LOOP('',(#1309,#1310,#1311,#1312));
#208=EDGE_LOOP('',(#1313,#1314,#1315,#1316));
#209=EDGE_LOOP('',(#1317,#1318,#1319,#1320));
#210=EDGE_LOOP('',(#1321,#1322,#1323,#1324));
#211=EDGE_LOOP('',(#1325,#1326,#1327,#1328));
#212=EDGE_LOOP('',(#1329,#1330,#1331,#1332));
#213=EDGE_LOOP('',(#1333,#1334,#1335,#1336));
#214=EDGE_LOOP('',(#1337,#1338,#1339,#1340));
#215=EDGE_LOOP('',(#1341,#1342,#1343,#1344));
#216=EDGE_LOOP('',(#1345,#1346,#1347,#1348));
#217=EDGE_LOOP('',(#1349,#1350,#1351,#1352));
#218=EDGE_LOOP('',(#1353,#1354,#1355,#1356));
#219=EDGE_LOOP('',(#1357,#1358,#1359,#1360));
#220=EDGE_LOOP('',(#1361,#1362,#1363,#1364));
#221=EDGE_LOOP('',(#1365,#1366,#1367,#1368));
#222=EDGE_LOOP('',(#1369,#1370,#1371,#1372));
#223=EDGE_LOOP('',(#1373,#1374,#1375,#1376));
#224=EDGE_LOOP('',(#1377,#1378,#1379,#1380));
#225=EDGE_LOOP('',(#1381,#1382,#1383,#1384));
#226=EDGE_LOOP('',(#1385,#1386,#1387,#1388));
#227=EDGE_LOOP('',(#1389,#1390,#1391,#1392));
#228=EDGE_LOOP('',(#1393,#1394,#1395,#1396));
#229=EDGE_LOOP('',(#1397,#1398,#1399,#1400));
#230=EDGE_LOOP('',(#1401,#1402,#1403,#1404));
#231=EDGE_LOOP('',(#1405,#1406,#1407,#1408));
#232=EDGE_LOOP('',(#1409,#1410,#1411,#1412));
#233=EDGE_LOOP('',(#1413,#1414,#1415,#1416));
#234=EDGE_LOOP('',(#1417,#1418,#1419,#1420));
#235=EDGE_LOOP('',(#1421,#1422,#1423,#1424));
#236=EDGE_LOOP('',(#1425,#1426,#1427,#1428));
#237=EDGE_LOOP('',(#1429,#1430,#1431,#1432));
#238=EDGE_LOOP('',(#1433,#1434,#1435,#1436));
#239=EDGE_LOOP('',(#1437,#1438,#1439,#1440));
#240=EDGE_LOOP('',(#1441,#1442,#1443,#1444));
#241=EDGE_LOOP('',(#1445,#1446,#1447,#1448));
#242=EDGE_LOOP('',(#1449,#1450,#1451,#1452));
#243=EDGE_LOOP('',(#1453,#1454,#1455,#1456));
#244=EDGE_LOOP('',(#1457,#1458,#1459,#1460));
#245=EDGE_LOOP('',(#1461,#1462,#1463,#1464));
#246=EDGE_LOOP('',(#1465,#1466,#1467,#1468));
#247=EDGE_LOOP('',(#1469,#1470,#1471,#1472));
#248=EDGE_LOOP('',(#1473,#1474,#1475,#1476));
#249=EDGE_LOOP('',(#1477,#1478,#1479,#1480));
#250=EDGE_LOOP('',(#1481,#1482,#1483,#1484));
#251=EDGE_LOOP('',(#1485,#1486,#1487,#1488));
#252=EDGE_LOOP('',(#1489,#1490,#1491,#1492));
#253=EDGE_LOOP('',(#1493,#1494,#1495,#1496));
#254=EDGE_LOOP('',(#1497,#1498,#1499,#1500));
#255=EDGE_LOOP('',(#1501,#1502,#1503,#1504));
#256=EDGE_LOOP('',(#1505,#1506,#1507,#1508));
#257=EDGE_LOOP('',(#1509,#1510,#1511,#1512));
#258=EDGE_LOOP('',(#1513,#1514,#1515,#1516));
#259=EDGE_LOOP('',(#1517,#1518,#1519,#1520));
#260=EDGE_LOOP('',(#1521,#1522,#1523,#1524));
#261=EDGE_LOOP('',(#1525,#1526,#1527,#1528));
#262=EDGE_LOOP('',(#1529,#1530,#1531,#1532));
#263=EDGE_LOOP('',(#1533,#1534,#1535,#1536));
#264=EDGE_LOOP('',(#1537,#1538,#1539,#1540));
#265=EDGE_LOOP('',(#1541,#1542,#1543,#1544));
#266=EDGE_LOOP('',(#1545,#1546,#1547,#1548));
#267=EDGE_LOOP('',(#1549,#1550,#1551,#1552));
#268=EDGE_LOOP('',(#1553,#1554,#1555,#1556));
#269=EDGE_LOOP('',(#1557,#1558,#1559,#1560));
#270=EDGE_LOOP('',(#1561,#1562,#1563,#1564));
#271=EDGE_LOOP('',(#1565,#1566,#1567,#1568));
#272=EDGE_LOOP('',(#1569,#1570,#1571,#1572));
#273=EDGE_LOOP('',(#1573,#1574,#1575,#1576));
#274=EDGE_LOOP('',(#1577,#1578,#1579,#1580));
#275=EDGE_LOOP('',(#1581,#1582,#1583,#1584));
#276=EDGE_LOOP('',(#1585,#1586,#1587,#1588));
#277=EDGE_LOOP('',(#1589,#1590,#1591,#1592));
#278=EDGE_LOOP('',(#1593,#1594,#1595,#1596));
#279=EDGE_LOOP('',(#1597,#1598,#1599,#1600));
#280=EDGE_LOOP('',(#1601,#1602,#1603,#1604));
#281=EDGE_LOOP('',(#1605,#1606,#1607,#1608));
#282=EDGE_LOOP('',(#1609,#1610,#1611,#1612));
#283=EDGE_LOOP('',(#1613,#1614,#1615,#1616));
#284=EDGE_LOOP('',(#1617,#1618,#1619,#1620));
#285=EDGE_LOOP('',(#1621,#1622,#1623,#1624));
#286=EDGE_LOOP('',(#1625,#1626,#1627,#1628));
#287=EDGE_LOOP('',(#1629,#1630,#1631,#1632));
#288=EDGE_LOOP('',(#1633,#1634,#1635,#1636));
#289=EDGE_LOOP('',(#1637,#1638,#1639,#1640));
#290=EDGE_LOOP('',(#1641,#1642,#1643,#1644));
#291=EDGE_LOOP('',(#1645,#1646,#1647,#1648));
#292=EDGE_LOOP('',(#1649,#1650,#1651,#1652));
#293=LINE('',#2532,#533);
#294=LINE('',#2534,#534);
#295=LINE('',#2536,#535);
#296=LINE('',#2537,#536);
#297=LINE('',#2540,#537);
#298=LINE('',#2542,#538);
#299=LINE('',#2543,#539);
#300=LINE('',#2546,#540);
#301=LINE('',#2548,#541);
#302=LINE('',#2549,#542);
#303=LINE('',#2551,#543);
#304=LINE('',#2552,#544);
#305=LINE('',#2558,#545);
#306=LINE('',#2560,#546);
#307=LINE('',#2562,#547);
#308=LINE('',#2563,#548);
#309=LINE('',#2566,#549);
#310=LINE('',#2568,#550);
#311=LINE('',#2569,#551);
#312=LINE('',#2572,#552);
#313=LINE('',#2573,#553);
#314=LINE('',#2576,#554);
#315=LINE('',#2577,#555);
#316=LINE('',#2579,#556);
#317=LINE('',#2584,#557);
#318=LINE('',#2586,#558);
#319=LINE('',#2588,#559);
#320=LINE('',#2589,#560);
#321=LINE('',#2592,#561);
#322=LINE('',#2594,#562);
#323=LINE('',#2595,#563);
#324=LINE('',#2598,#564);
#325=LINE('',#2599,#565);
#326=LINE('',#2602,#566);
#327=LINE('',#2603,#567);
#328=LINE('',#2605,#568);
#329=LINE('',#2610,#569);
#330=LINE('',#2612,#570);
#331=LINE('',#2614,#571);
#332=LINE('',#2615,#572);
#333=LINE('',#2618,#573);
#334=LINE('',#2620,#574);
#335=LINE('',#2621,#575);
#336=LINE('',#2624,#576);
#337=LINE('',#2625,#577);
#338=LINE('',#2628,#578);
#339=LINE('',#2629,#579);
#340=LINE('',#2631,#580);
#341=LINE('',#2636,#581);
#342=LINE('',#2638,#582);
#343=LINE('',#2640,#583);
#344=LINE('',#2641,#584);
#345=LINE('',#2644,#585);
#346=LINE('',#2646,#586);
#347=LINE('',#2647,#587);
#348=LINE('',#2650,#588);
#349=LINE('',#2651,#589);
#350=LINE('',#2654,#590);
#351=LINE('',#2655,#591);
#352=LINE('',#2657,#592);
#353=LINE('',#2662,#593);
#354=LINE('',#2664,#594);
#355=LINE('',#2666,#595);
#356=LINE('',#2667,#596);
#357=LINE('',#2670,#597);
#358=LINE('',#2672,#598);
#359=LINE('',#2673,#599);
#360=LINE('',#2676,#600);
#361=LINE('',#2677,#601);
#362=LINE('',#2680,#602);
#363=LINE('',#2681,#603);
#364=LINE('',#2683,#604);
#365=LINE('',#2688,#605);
#366=LINE('',#2690,#606);
#367=LINE('',#2692,#607);
#368=LINE('',#2693,#608);
#369=LINE('',#2696,#609);
#370=LINE('',#2698,#610);
#371=LINE('',#2699,#611);
#372=LINE('',#2702,#612);
#373=LINE('',#2703,#613);
#374=LINE('',#2706,#614);
#375=LINE('',#2707,#615);
#376=LINE('',#2709,#616);
#377=LINE('',#2714,#617);
#378=LINE('',#2716,#618);
#379=LINE('',#2718,#619);
#380=LINE('',#2719,#620);
#381=LINE('',#2722,#621);
#382=LINE('',#2724,#622);
#383=LINE('',#2725,#623);
#384=LINE('',#2728,#624);
#385=LINE('',#2729,#625);
#386=LINE('',#2732,#626);
#387=LINE('',#2733,#627);
#388=LINE('',#2735,#628);
#389=LINE('',#2740,#629);
#390=LINE('',#2742,#630);
#391=LINE('',#2744,#631);
#392=LINE('',#2745,#632);
#393=LINE('',#2748,#633);
#394=LINE('',#2750,#634);
#395=LINE('',#2751,#635);
#396=LINE('',#2754,#636);
#397=LINE('',#2755,#637);
#398=LINE('',#2758,#638);
#399=LINE('',#2759,#639);
#400=LINE('',#2761,#640);
#401=LINE('',#2766,#641);
#402=LINE('',#2768,#642);
#403=LINE('',#2770,#643);
#404=LINE('',#2771,#644);
#405=LINE('',#2774,#645);
#406=LINE('',#2776,#646);
#407=LINE('',#2777,#647);
#408=LINE('',#2780,#648);
#409=LINE('',#2782,#649);
#410=LINE('',#2783,#650);
#411=LINE('',#2785,#651);
#412=LINE('',#2786,#652);
#413=LINE('',#2792,#653);
#414=LINE('',#2794,#654);
#415=LINE('',#2796,#655);
#416=LINE('',#2797,#656);
#417=LINE('',#2800,#657);
#418=LINE('',#2802,#658);
#419=LINE('',#2803,#659);
#420=LINE('',#2806,#660);
#421=LINE('',#2808,#661);
#422=LINE('',#2809,#662);
#423=LINE('',#2811,#663);
#424=LINE('',#2812,#664);
#425=LINE('',#2818,#665);
#426=LINE('',#2820,#666);
#427=LINE('',#2822,#667);
#428=LINE('',#2823,#668);
#429=LINE('',#2826,#669);
#430=LINE('',#2828,#670);
#431=LINE('',#2829,#671);
#432=LINE('',#2832,#672);
#433=LINE('',#2834,#673);
#434=LINE('',#2835,#674);
#435=LINE('',#2837,#675);
#436=LINE('',#2838,#676);
#437=LINE('',#2844,#677);
#438=LINE('',#2846,#678);
#439=LINE('',#2848,#679);
#440=LINE('',#2849,#680);
#441=LINE('',#2852,#681);
#442=LINE('',#2854,#682);
#443=LINE('',#2855,#683);
#444=LINE('',#2858,#684);
#445=LINE('',#2860,#685);
#446=LINE('',#2861,#686);
#447=LINE('',#2863,#687);
#448=LINE('',#2864,#688);
#449=LINE('',#2870,#689);
#450=LINE('',#2872,#690);
#451=LINE('',#2874,#691);
#452=LINE('',#2875,#692);
#453=LINE('',#2878,#693);
#454=LINE('',#2880,#694);
#455=LINE('',#2881,#695);
#456=LINE('',#2884,#696);
#457=LINE('',#2886,#697);
#458=LINE('',#2887,#698);
#459=LINE('',#2889,#699);
#460=LINE('',#2890,#700);
#461=LINE('',#2896,#701);
#462=LINE('',#2898,#702);
#463=LINE('',#2900,#703);
#464=LINE('',#2901,#704);
#465=LINE('',#2904,#705);
#466=LINE('',#2906,#706);
#467=LINE('',#2907,#707);
#468=LINE('',#2910,#708);
#469=LINE('',#2912,#709);
#470=LINE('',#2913,#710);
#471=LINE('',#2915,#711);
#472=LINE('',#2916,#712);
#473=LINE('',#2922,#713);
#474=LINE('',#2924,#714);
#475=LINE('',#2926,#715);
#476=LINE('',#2927,#716);
#477=LINE('',#2930,#717);
#478=LINE('',#2932,#718);
#479=LINE('',#2933,#719);
#480=LINE('',#2936,#720);
#481=LINE('',#2938,#721);
#482=LINE('',#2939,#722);
#483=LINE('',#2941,#723);
#484=LINE('',#2942,#724);
#485=LINE('',#2948,#725);
#486=LINE('',#2950,#726);
#487=LINE('',#2952,#727);
#488=LINE('',#2953,#728);
#489=LINE('',#2956,#729);
#490=LINE('',#2958,#730);
#491=LINE('',#2959,#731);
#492=LINE('',#2962,#732);
#493=LINE('',#2964,#733);
#494=LINE('',#2965,#734);
#495=LINE('',#2967,#735);
#496=LINE('',#2968,#736);
#497=LINE('',#2974,#737);
#498=LINE('',#2976,#738);
#499=LINE('',#2978,#739);
#500=LINE('',#2979,#740);
#501=LINE('',#2982,#741);
#502=LINE('',#2984,#742);
#503=LINE('',#2985,#743);
#504=LINE('',#2988,#744);
#505=LINE('',#2990,#745);
#506=LINE('',#2991,#746);
#507=LINE('',#2993,#747);
#508=LINE('',#2994,#748);
#509=LINE('',#3000,#749);
#510=LINE('',#3002,#750);
#511=LINE('',#3004,#751);
#512=LINE('',#3005,#752);
#513=LINE('',#3008,#753);
#514=LINE('',#3010,#754);
#515=LINE('',#3011,#755);
#516=LINE('',#3014,#756);
#517=LINE('',#3016,#757);
#518=LINE('',#3017,#758);
#519=LINE('',#3019,#759);
#520=LINE('',#3020,#760);
#521=LINE('',#3026,#761);
#522=LINE('',#3028,#762);
#523=LINE('',#3030,#763);
#524=LINE('',#3031,#764);
#525=LINE('',#3034,#765);
#526=LINE('',#3036,#766);
#527=LINE('',#3037,#767);
#528=LINE('',#3040,#768);
#529=LINE('',#3042,#769);
#530=LINE('',#3043,#770);
#531=LINE('',#3045,#771);
#532=LINE('',#3046,#772);
#533=VECTOR('',#2050,10.);
#534=VECTOR('',#2051,10.);
#535=VECTOR('',#2052,10.);
#536=VECTOR('',#2053,10.);
#537=VECTOR('',#2056,10.);
#538=VECTOR('',#2057,10.);
#539=VECTOR('',#2058,10.);
#540=VECTOR('',#2061,10.);
#541=VECTOR('',#2062,10.);
#542=VECTOR('',#2063,10.);
#543=VECTOR('',#2066,10.);
#544=VECTOR('',#2067,10.);
#545=VECTOR('',#2074,10.);
#546=VECTOR('',#2075,10.);
#547=VECTOR('',#2076,10.);
#548=VECTOR('',#2077,10.);
#549=VECTOR('',#2080,10.);
#550=VECTOR('',#2081,10.);
#551=VECTOR('',#2082,10.);
#552=VECTOR('',#2085,10.);
#553=VECTOR('',#2086,10.);
#554=VECTOR('',#2089,10.);
#555=VECTOR('',#2090,10.);
#556=VECTOR('',#2093,10.);
#557=VECTOR('',#2098,10.);
#558=VECTOR('',#2099,10.);
#559=VECTOR('',#2100,10.);
#560=VECTOR('',#2101,10.);
#561=VECTOR('',#2104,10.);
#562=VECTOR('',#2105,10.);
#563=VECTOR('',#2106,10.);
#564=VECTOR('',#2109,10.);
#565=VECTOR('',#2110,10.);
#566=VECTOR('',#2113,10.);
#567=VECTOR('',#2114,10.);
#568=VECTOR('',#2117,10.);
#569=VECTOR('',#2122,10.);
#570=VECTOR('',#2123,10.);
#571=VECTOR('',#2124,10.);
#572=VECTOR('',#2125,10.);
#573=VECTOR('',#2128,10.);
#574=VECTOR('',#2129,10.);
#575=VECTOR('',#2130,10.);
#576=VECTOR('',#2133,10.);
#577=VECTOR('',#2134,10.);
#578=VECTOR('',#2137,10.);
#579=VECTOR('',#2138,10.);
#580=VECTOR('',#2141,10.);
#581=VECTOR('',#2146,10.);
#582=VECTOR('',#2147,10.);
#583=VECTOR('',#2148,10.);
#584=VECTOR('',#2149,10.);
#585=VECTOR('',#2152,10.);
#586=VECTOR('',#2153,10.);
#587=VECTOR('',#2154,10.);
#588=VECTOR('',#2157,10.);
#589=VECTOR('',#2158,10.);
#590=VECTOR('',#2161,10.);
#591=VECTOR('',#2162,10.);
#592=VECTOR('',#2165,10.);
#593=VECTOR('',#2170,10.);
#594=VECTOR('',#2171,10.);
#595=VECTOR('',#2172,10.);
#596=VECTOR('',#2173,10.);
#597=VECTOR('',#2176,10.);
#598=VECTOR('',#2177,10.);
#599=VECTOR('',#2178,10.);
#600=VECTOR('',#2181,10.);
#601=VECTOR('',#2182,10.);
#602=VECTOR('',#2185,10.);
#603=VECTOR('',#2186,10.);
#604=VECTOR('',#2189,10.);
#605=VECTOR('',#2194,10.);
#606=VECTOR('',#2195,10.);
#607=VECTOR('',#2196,10.);
#608=VECTOR('',#2197,10.);
#609=VECTOR('',#2200,10.);
#610=VECTOR('',#2201,10.);
#611=VECTOR('',#2202,10.);
#612=VECTOR('',#2205,10.);
#613=VECTOR('',#2206,10.);
#614=VECTOR('',#2209,10.);
#615=VECTOR('',#2210,10.);
#616=VECTOR('',#2213,10.);
#617=VECTOR('',#2218,10.);
#618=VECTOR('',#2219,10.);
#619=VECTOR('',#2220,10.);
#620=VECTOR('',#2221,10.);
#621=VECTOR('',#2224,10.);
#622=VECTOR('',#2225,10.);
#623=VECTOR('',#2226,10.);
#624=VECTOR('',#2229,10.);
#625=VECTOR('',#2230,10.);
#626=VECTOR('',#2233,10.);
#627=VECTOR('',#2234,10.);
#628=VECTOR('',#2237,10.);
#629=VECTOR('',#2242,10.);
#630=VECTOR('',#2243,10.);
#631=VECTOR('',#2244,10.);
#632=VECTOR('',#2245,10.);
#633=VECTOR('',#2248,10.);
#634=VECTOR('',#2249,10.);
#635=VECTOR('',#2250,10.);
#636=VECTOR('',#2253,10.);
#637=VECTOR('',#2254,10.);
#638=VECTOR('',#2257,10.);
#639=VECTOR('',#2258,10.);
#640=VECTOR('',#2261,10.);
#641=VECTOR('',#2266,10.);
#642=VECTOR('',#2267,10.);
#643=VECTOR('',#2268,10.);
#644=VECTOR('',#2269,10.);
#645=VECTOR('',#2272,10.);
#646=VECTOR('',#2273,10.);
#647=VECTOR('',#2274,10.);
#648=VECTOR('',#2277,10.);
#649=VECTOR('',#2278,10.);
#650=VECTOR('',#2279,10.);
#651=VECTOR('',#2282,10.);
#652=VECTOR('',#2283,10.);
#653=VECTOR('',#2290,10.);
#654=VECTOR('',#2291,10.);
#655=VECTOR('',#2292,10.);
#656=VECTOR('',#2293,10.);
#657=VECTOR('',#2296,10.);
#658=VECTOR('',#2297,10.);
#659=VECTOR('',#2298,10.);
#660=VECTOR('',#2301,10.);
#661=VECTOR('',#2302,10.);
#662=VECTOR('',#2303,10.);
#663=VECTOR('',#2306,10.);
#664=VECTOR('',#2307,10.);
#665=VECTOR('',#2314,10.);
#666=VECTOR('',#2315,10.);
#667=VECTOR('',#2316,10.);
#668=VECTOR('',#2317,10.);
#669=VECTOR('',#2320,10.);
#670=VECTOR('',#2321,10.);
#671=VECTOR('',#2322,10.);
#672=VECTOR('',#2325,10.);
#673=VECTOR('',#2326,10.);
#674=VECTOR('',#2327,10.);
#675=VECTOR('',#2330,10.);
#676=VECTOR('',#2331,10.);
#677=VECTOR('',#2338,10.);
#678=VECTOR('',#2339,10.);
#679=VECTOR('',#2340,10.);
#680=VECTOR('',#2341,10.);
#681=VECTOR('',#2344,10.);
#682=VECTOR('',#2345,10.);
#683=VECTOR('',#2346,10.);
#684=VECTOR('',#2349,10.);
#685=VECTOR('',#2350,10.);
#686=VECTOR('',#2351,10.);
#687=VECTOR('',#2354,10.);
#688=VECTOR('',#2355,10.);
#689=VECTOR('',#2362,10.);
#690=VECTOR('',#2363,10.);
#691=VECTOR('',#2364,10.);
#692=VECTOR('',#2365,10.);
#693=VECTOR('',#2368,10.);
#694=VECTOR('',#2369,10.);
#695=VECTOR('',#2370,10.);
#696=VECTOR('',#2373,10.);
#697=VECTOR('',#2374,10.);
#698=VECTOR('',#2375,10.);
#699=VECTOR('',#2378,10.);
#700=VECTOR('',#2379,10.);
#701=VECTOR('',#2386,10.);
#702=VECTOR('',#2387,10.);
#703=VECTOR('',#2388,10.);
#704=VECTOR('',#2389,10.);
#705=VECTOR('',#2392,10.);
#706=VECTOR('',#2393,10.);
#707=VECTOR('',#2394,10.);
#708=VECTOR('',#2397,10.);
#709=VECTOR('',#2398,10.);
#710=VECTOR('',#2399,10.);
#711=VECTOR('',#2402,10.);
#712=VECTOR('',#2403,10.);
#713=VECTOR('',#2410,10.);
#714=VECTOR('',#2411,10.);
#715=VECTOR('',#2412,10.);
#716=VECTOR('',#2413,10.);
#717=VECTOR('',#2416,10.);
#718=VECTOR('',#2417,10.);
#719=VECTOR('',#2418,10.);
#720=VECTOR('',#2421,10.);
#721=VECTOR('',#2422,10.);
#722=VECTOR('',#2423,10.);
#723=VECTOR('',#2426,10.);
#724=VECTOR('',#2427,10.);
#725=VECTOR('',#2434,10.);
#726=VECTOR('',#2435,10.);
#727=VECTOR('',#2436,10.);
#728=VECTOR('',#2437,10.);
#729=VECTOR('',#2440,10.);
#730=VECTOR('',#2441,10.);
#731=VECTOR('',#2442,10.);
#732=VECTOR('',#2445,10.);
#733=VECTOR('',#2446,10.);
#734=VECTOR('',#2447,10.);
#735=VECTOR('',#2450,10.);
#736=VECTOR('',#2451,10.);
#737=VECTOR('',#2458,10.);
#738=VECTOR('',#2459,10.);
#739=VECTOR('',#2460,10.);
#740=VECTOR('',#2461,10.);
#741=VECTOR('',#2464,10.);
#742=VECTOR('',#2465,10.);
#743=VECTOR('',#2466,10.);
#744=VECTOR('',#2469,10.);
#745=VECTOR('',#2470,10.);
#746=VECTOR('',#2471,10.);
#747=VECTOR('',#2474,10.);
#748=VECTOR('',#2475,10.);
#749=VECTOR('',#2482,10.);
#750=VECTOR('',#2483,10.);
#751=VECTOR('',#2484,10.);
#752=VECTOR('',#2485,10.);
#753=VECTOR('',#2488,10.);
#754=VECTOR('',#2489,10.);
#755=VECTOR('',#2490,10.);
#756=VECTOR('',#2493,10.);
#757=VECTOR('',#2494,10.);
#758=VECTOR('',#2495,10.);
#759=VECTOR('',#2498,10.);
#760=VECTOR('',#2499,10.);
#761=VECTOR('',#2506,10.);
#762=VECTOR('',#2507,10.);
#763=VECTOR('',#2508,10.);
#764=VECTOR('',#2509,10.);
#765=VECTOR('',#2512,10.);
#766=VECTOR('',#2513,10.);
#767=VECTOR('',#2514,10.);
#768=VECTOR('',#2517,10.);
#769=VECTOR('',#2518,10.);
#770=VECTOR('',#2519,10.);
#771=VECTOR('',#2522,10.);
#772=VECTOR('',#2523,10.);
#773=VERTEX_POINT('',#2530);
#774=VERTEX_POINT('',#2531);
#775=VERTEX_POINT('',#2533);
#776=VERTEX_POINT('',#2535);
#777=VERTEX_POINT('',#2539);
#778=VERTEX_POINT('',#2541);
#779=VERTEX_POINT('',#2545);
#780=VERTEX_POINT('',#2547);
#781=VERTEX_POINT('',#2556);
#782=VERTEX_POINT('',#2557);
#783=VERTEX_POINT('',#2559);
#784=VERTEX_POINT('',#2561);
#785=VERTEX_POINT('',#2565);
#786=VERTEX_POINT('',#2567);
#787=VERTEX_POINT('',#2571);
#788=VERTEX_POINT('',#2575);
#789=VERTEX_POINT('',#2582);
#790=VERTEX_POINT('',#2583);
#791=VERTEX_POINT('',#2585);
#792=VERTEX_POINT('',#2587);
#793=VERTEX_POINT('',#2591);
#794=VERTEX_POINT('',#2593);
#795=VERTEX_POINT('',#2597);
#796=VERTEX_POINT('',#2601);
#797=VERTEX_POINT('',#2608);
#798=VERTEX_POINT('',#2609);
#799=VERTEX_POINT('',#2611);
#800=VERTEX_POINT('',#2613);
#801=VERTEX_POINT('',#2617);
#802=VERTEX_POINT('',#2619);
#803=VERTEX_POINT('',#2623);
#804=VERTEX_POINT('',#2627);
#805=VERTEX_POINT('',#2634);
#806=VERTEX_POINT('',#2635);
#807=VERTEX_POINT('',#2637);
#808=VERTEX_POINT('',#2639);
#809=VERTEX_POINT('',#2643);
#810=VERTEX_POINT('',#2645);
#811=VERTEX_POINT('',#2649);
#812=VERTEX_POINT('',#2653);
#813=VERTEX_POINT('',#2660);
#814=VERTEX_POINT('',#2661);
#815=VERTEX_POINT('',#2663);
#816=VERTEX_POINT('',#2665);
#817=VERTEX_POINT('',#2669);
#818=VERTEX_POINT('',#2671);
#819=VERTEX_POINT('',#2675);
#820=VERTEX_POINT('',#2679);
#821=VERTEX_POINT('',#2686);
#822=VERTEX_POINT('',#2687);
#823=VERTEX_POINT('',#2689);
#824=VERTEX_POINT('',#2691);
#825=VERTEX_POINT('',#2695);
#826=VERTEX_POINT('',#2697);
#827=VERTEX_POINT('',#2701);
#828=VERTEX_POINT('',#2705);
#829=VERTEX_POINT('',#2712);
#830=VERTEX_POINT('',#2713);
#831=VERTEX_POINT('',#2715);
#832=VERTEX_POINT('',#2717);
#833=VERTEX_POINT('',#2721);
#834=VERTEX_POINT('',#2723);
#835=VERTEX_POINT('',#2727);
#836=VERTEX_POINT('',#2731);
#837=VERTEX_POINT('',#2738);
#838=VERTEX_POINT('',#2739);
#839=VERTEX_POINT('',#2741);
#840=VERTEX_POINT('',#2743);
#841=VERTEX_POINT('',#2747);
#842=VERTEX_POINT('',#2749);
#843=VERTEX_POINT('',#2753);
#844=VERTEX_POINT('',#2757);
#845=VERTEX_POINT('',#2764);
#846=VERTEX_POINT('',#2765);
#847=VERTEX_POINT('',#2767);
#848=VERTEX_POINT('',#2769);
#849=VERTEX_POINT('',#2773);
#850=VERTEX_POINT('',#2775);
#851=VERTEX_POINT('',#2779);
#852=VERTEX_POINT('',#2781);
#853=VERTEX_POINT('',#2790);
#854=VERTEX_POINT('',#2791);
#855=VERTEX_POINT('',#2793);
#856=VERTEX_POINT('',#2795);
#857=VERTEX_POINT('',#2799);
#858=VERTEX_POINT('',#2801);
#859=VERTEX_POINT('',#2805);
#860=VERTEX_POINT('',#2807);
#861=VERTEX_POINT('',#2816);
#862=VERTEX_POINT('',#2817);
#863=VERTEX_POINT('',#2819);
#864=VERTEX_POINT('',#2821);
#865=VERTEX_POINT('',#2825);
#866=VERTEX_POINT('',#2827);
#867=VERTEX_POINT('',#2831);
#868=VERTEX_POINT('',#2833);
#869=VERTEX_POINT('',#2842);
#870=VERTEX_POINT('',#2843);
#871=VERTEX_POINT('',#2845);
#872=VERTEX_POINT('',#2847);
#873=VERTEX_POINT('',#2851);
#874=VERTEX_POINT('',#2853);
#875=VERTEX_POINT('',#2857);
#876=VERTEX_POINT('',#2859);
#877=VERTEX_POINT('',#2868);
#878=VERTEX_POINT('',#2869);
#879=VERTEX_POINT('',#2871);
#880=VERTEX_POINT('',#2873);
#881=VERTEX_POINT('',#2877);
#882=VERTEX_POINT('',#2879);
#883=VERTEX_POINT('',#2883);
#884=VERTEX_POINT('',#2885);
#885=VERTEX_POINT('',#2894);
#886=VERTEX_POINT('',#2895);
#887=VERTEX_POINT('',#2897);
#888=VERTEX_POINT('',#2899);
#889=VERTEX_POINT('',#2903);
#890=VERTEX_POINT('',#2905);
#891=VERTEX_POINT('',#2909);
#892=VERTEX_POINT('',#2911);
#893=VERTEX_POINT('',#2920);
#894=VERTEX_POINT('',#2921);
#895=VERTEX_POINT('',#2923);
#896=VERTEX_POINT('',#2925);
#897=VERTEX_POINT('',#2929);
#898=VERTEX_POINT('',#2931);
#899=VERTEX_POINT('',#2935);
#900=VERTEX_POINT('',#2937);
#901=VERTEX_POINT('',#2946);
#902=VERTEX_POINT('',#2947);
#903=VERTEX_POINT('',#2949);
#904=VERTEX_POINT('',#2951);
#905=VERTEX_POINT('',#2955);
#906=VERTEX_POINT('',#2957);
#907=VERTEX_POINT('',#2961);
#908=VERTEX_POINT('',#2963);
#909=VERTEX_POINT('',#2972);
#910=VERTEX_POINT('',#2973);
#911=VERTEX_POINT('',#2975);
#912=VERTEX_POINT('',#2977);
#913=VERTEX_POINT('',#2981);
#914=VERTEX_POINT('',#2983);
#915=VERTEX_POINT('',#2987);
#916=VERTEX_POINT('',#2989);
#917=VERTEX_POINT('',#2998);
#918=VERTEX_POINT('',#2999);
#919=VERTEX_POINT('',#3001);
#920=VERTEX_POINT('',#3003);
#921=VERTEX_POINT('',#3007);
#922=VERTEX_POINT('',#3009);
#923=VERTEX_POINT('',#3013);
#924=VERTEX_POINT('',#3015);
#925=VERTEX_POINT('',#3024);
#926=VERTEX_POINT('',#3025);
#927=VERTEX_POINT('',#3027);
#928=VERTEX_POINT('',#3029);
#929=VERTEX_POINT('',#3033);
#930=VERTEX_POINT('',#3035);
#931=VERTEX_POINT('',#3039);
#932=VERTEX_POINT('',#3041);
#933=EDGE_CURVE('',#773,#774,#293,.T.);
#934=EDGE_CURVE('',#773,#775,#294,.T.);
#935=EDGE_CURVE('',#776,#775,#295,.T.);
#936=EDGE_CURVE('',#774,#776,#296,.T.);
#937=EDGE_CURVE('',#774,#777,#297,.T.);
#938=EDGE_CURVE('',#778,#776,#298,.T.);
#939=EDGE_CURVE('',#777,#778,#299,.T.);
#940=EDGE_CURVE('',#777,#779,#300,.T.);
#941=EDGE_CURVE('',#780,#778,#301,.T.);
#942=EDGE_CURVE('',#779,#780,#302,.T.);
#943=EDGE_CURVE('',#779,#773,#303,.T.);
#944=EDGE_CURVE('',#775,#780,#304,.T.);
#945=EDGE_CURVE('',#781,#782,#305,.T.);
#946=EDGE_CURVE('',#783,#781,#306,.T.);
#947=EDGE_CURVE('',#784,#783,#307,.T.);
#948=EDGE_CURVE('',#782,#784,#308,.T.);
#949=EDGE_CURVE('',#785,#783,#309,.T.);
#950=EDGE_CURVE('',#785,#786,#310,.T.);
#951=EDGE_CURVE('',#786,#784,#311,.T.);
#952=EDGE_CURVE('',#787,#781,#312,.T.);
#953=EDGE_CURVE('',#787,#785,#313,.T.);
#954=EDGE_CURVE('',#788,#782,#314,.T.);
#955=EDGE_CURVE('',#788,#787,#315,.T.);
#956=EDGE_CURVE('',#786,#788,#316,.T.);
#957=EDGE_CURVE('',#789,#790,#317,.T.);
#958=EDGE_CURVE('',#791,#789,#318,.T.);
#959=EDGE_CURVE('',#792,#791,#319,.T.);
#960=EDGE_CURVE('',#790,#792,#320,.T.);
#961=EDGE_CURVE('',#793,#791,#321,.T.);
#962=EDGE_CURVE('',#794,#793,#322,.T.);
#963=EDGE_CURVE('',#794,#792,#323,.T.);
#964=EDGE_CURVE('',#795,#789,#324,.T.);
#965=EDGE_CURVE('',#793,#795,#325,.T.);
#966=EDGE_CURVE('',#796,#790,#326,.T.);
#967=EDGE_CURVE('',#795,#796,#327,.T.);
#968=EDGE_CURVE('',#796,#794,#328,.T.);
#969=EDGE_CURVE('',#797,#798,#329,.T.);
#970=EDGE_CURVE('',#799,#797,#330,.T.);
#971=EDGE_CURVE('',#800,#799,#331,.T.);
#972=EDGE_CURVE('',#798,#800,#332,.T.);
#973=EDGE_CURVE('',#801,#799,#333,.T.);
#974=EDGE_CURVE('',#802,#801,#334,.T.);
#975=EDGE_CURVE('',#802,#800,#335,.T.);
#976=EDGE_CURVE('',#803,#797,#336,.T.);
#977=EDGE_CURVE('',#801,#803,#337,.T.);
#978=EDGE_CURVE('',#804,#798,#338,.T.);
#979=EDGE_CURVE('',#803,#804,#339,.T.);
#980=EDGE_CURVE('',#804,#802,#340,.T.);
#981=EDGE_CURVE('',#805,#806,#341,.T.);
#982=EDGE_CURVE('',#807,#805,#342,.T.);
#983=EDGE_CURVE('',#808,#807,#343,.T.);
#984=EDGE_CURVE('',#806,#808,#344,.T.);
#985=EDGE_CURVE('',#809,#807,#345,.T.);
#986=EDGE_CURVE('',#809,#810,#346,.T.);
#987=EDGE_CURVE('',#810,#808,#347,.T.);
#988=EDGE_CURVE('',#811,#805,#348,.T.);
#989=EDGE_CURVE('',#811,#809,#349,.T.);
#990=EDGE_CURVE('',#812,#806,#350,.T.);
#991=EDGE_CURVE('',#812,#811,#351,.T.);
#992=EDGE_CURVE('',#810,#812,#352,.T.);
#993=EDGE_CURVE('',#813,#814,#353,.T.);
#994=EDGE_CURVE('',#815,#813,#354,.T.);
#995=EDGE_CURVE('',#816,#815,#355,.T.);
#996=EDGE_CURVE('',#814,#816,#356,.T.);
#997=EDGE_CURVE('',#817,#815,#357,.T.);
#998=EDGE_CURVE('',#818,#817,#358,.T.);
#999=EDGE_CURVE('',#818,#816,#359,.T.);
#1000=EDGE_CURVE('',#819,#813,#360,.T.);
#1001=EDGE_CURVE('',#817,#819,#361,.T.);
#1002=EDGE_CURVE('',#820,#814,#362,.T.);
#1003=EDGE_CURVE('',#819,#820,#363,.T.);
#1004=EDGE_CURVE('',#820,#818,#364,.T.);
#1005=EDGE_CURVE('',#821,#822,#365,.T.);
#1006=EDGE_CURVE('',#823,#821,#366,.T.);
#1007=EDGE_CURVE('',#824,#823,#367,.T.);
#1008=EDGE_CURVE('',#822,#824,#368,.T.);
#1009=EDGE_CURVE('',#825,#823,#369,.T.);
#1010=EDGE_CURVE('',#825,#826,#370,.T.);
#1011=EDGE_CURVE('',#826,#824,#371,.T.);
#1012=EDGE_CURVE('',#827,#821,#372,.T.);
#1013=EDGE_CURVE('',#827,#825,#373,.T.);
#1014=EDGE_CURVE('',#828,#822,#374,.T.);
#1015=EDGE_CURVE('',#828,#827,#375,.T.);
#1016=EDGE_CURVE('',#826,#828,#376,.T.);
#1017=EDGE_CURVE('',#829,#830,#377,.T.);
#1018=EDGE_CURVE('',#831,#829,#378,.T.);
#1019=EDGE_CURVE('',#832,#831,#379,.T.);
#1020=EDGE_CURVE('',#830,#832,#380,.T.);
#1021=EDGE_CURVE('',#833,#831,#381,.T.);
#1022=EDGE_CURVE('',#833,#834,#382,.T.);
#1023=EDGE_CURVE('',#834,#832,#383,.T.);
#1024=EDGE_CURVE('',#835,#829,#384,.T.);
#1025=EDGE_CURVE('',#835,#833,#385,.T.);
#1026=EDGE_CURVE('',#836,#830,#386,.T.);
#1027=EDGE_CURVE('',#836,#835,#387,.T.);
#1028=EDGE_CURVE('',#834,#836,#388,.T.);
#1029=EDGE_CURVE('',#837,#838,#389,.T.);
#1030=EDGE_CURVE('',#839,#837,#390,.T.);
#1031=EDGE_CURVE('',#840,#839,#391,.T.);
#1032=EDGE_CURVE('',#838,#840,#392,.T.);
#1033=EDGE_CURVE('',#841,#839,#393,.T.);
#1034=EDGE_CURVE('',#842,#841,#394,.T.);
#1035=EDGE_CURVE('',#842,#840,#395,.T.);
#1036=EDGE_CURVE('',#843,#837,#396,.T.);
#1037=EDGE_CURVE('',#841,#843,#397,.T.);
#1038=EDGE_CURVE('',#844,#838,#398,.T.);
#1039=EDGE_CURVE('',#843,#844,#399,.T.);
#1040=EDGE_CURVE('',#844,#842,#400,.T.);
#1041=EDGE_CURVE('',#845,#846,#401,.T.);
#1042=EDGE_CURVE('',#845,#847,#402,.T.);
#1043=EDGE_CURVE('',#848,#847,#403,.T.);
#1044=EDGE_CURVE('',#846,#848,#404,.T.);
#1045=EDGE_CURVE('',#846,#849,#405,.T.);
#1046=EDGE_CURVE('',#850,#848,#406,.T.);
#1047=EDGE_CURVE('',#849,#850,#407,.T.);
#1048=EDGE_CURVE('',#851,#849,#408,.T.);
#1049=EDGE_CURVE('',#852,#850,#409,.T.);
#1050=EDGE_CURVE('',#851,#852,#410,.T.);
#1051=EDGE_CURVE('',#845,#851,#411,.T.);
#1052=EDGE_CURVE('',#847,#852,#412,.T.);
#1053=EDGE_CURVE('',#853,#854,#413,.T.);
#1054=EDGE_CURVE('',#854,#855,#414,.T.);
#1055=EDGE_CURVE('',#855,#856,#415,.T.);
#1056=EDGE_CURVE('',#853,#856,#416,.T.);
#1057=EDGE_CURVE('',#854,#857,#417,.T.);
#1058=EDGE_CURVE('',#857,#858,#418,.T.);
#1059=EDGE_CURVE('',#858,#855,#419,.T.);
#1060=EDGE_CURVE('',#859,#857,#420,.T.);
#1061=EDGE_CURVE('',#859,#860,#421,.T.);
#1062=EDGE_CURVE('',#860,#858,#422,.T.);
#1063=EDGE_CURVE('',#853,#859,#423,.T.);
#1064=EDGE_CURVE('',#856,#860,#424,.T.);
#1065=EDGE_CURVE('',#861,#862,#425,.T.);
#1066=EDGE_CURVE('',#861,#863,#426,.T.);
#1067=EDGE_CURVE('',#864,#863,#427,.T.);
#1068=EDGE_CURVE('',#862,#864,#428,.T.);
#1069=EDGE_CURVE('',#862,#865,#429,.T.);
#1070=EDGE_CURVE('',#866,#864,#430,.T.);
#1071=EDGE_CURVE('',#865,#866,#431,.T.);
#1072=EDGE_CURVE('',#867,#865,#432,.T.);
#1073=EDGE_CURVE('',#868,#866,#433,.T.);
#1074=EDGE_CURVE('',#867,#868,#434,.T.);
#1075=EDGE_CURVE('',#861,#867,#435,.T.);
#1076=EDGE_CURVE('',#863,#868,#436,.T.);
#1077=EDGE_CURVE('',#869,#870,#437,.T.);
#1078=EDGE_CURVE('',#870,#871,#438,.T.);
#1079=EDGE_CURVE('',#871,#872,#439,.T.);
#1080=EDGE_CURVE('',#869,#872,#440,.T.);
#1081=EDGE_CURVE('',#870,#873,#441,.T.);
#1082=EDGE_CURVE('',#873,#874,#442,.T.);
#1083=EDGE_CURVE('',#874,#871,#443,.T.);
#1084=EDGE_CURVE('',#875,#873,#444,.T.);
#1085=EDGE_CURVE('',#875,#876,#445,.T.);
#1086=EDGE_CURVE('',#876,#874,#446,.T.);
#1087=EDGE_CURVE('',#869,#875,#447,.T.);
#1088=EDGE_CURVE('',#872,#876,#448,.T.);
#1089=EDGE_CURVE('',#877,#878,#449,.T.);
#1090=EDGE_CURVE('',#878,#879,#450,.T.);
#1091=EDGE_CURVE('',#880,#879,#451,.T.);
#1092=EDGE_CURVE('',#877,#880,#452,.T.);
#1093=EDGE_CURVE('',#877,#881,#453,.T.);
#1094=EDGE_CURVE('',#882,#880,#454,.T.);
#1095=EDGE_CURVE('',#881,#882,#455,.T.);
#1096=EDGE_CURVE('',#883,#881,#456,.T.);
#1097=EDGE_CURVE('',#884,#882,#457,.T.);
#1098=EDGE_CURVE('',#883,#884,#458,.T.);
#1099=EDGE_CURVE('',#883,#878,#459,.T.);
#1100=EDGE_CURVE('',#879,#884,#460,.T.);
#1101=EDGE_CURVE('',#885,#886,#461,.T.);
#1102=EDGE_CURVE('',#885,#887,#462,.T.);
#1103=EDGE_CURVE('',#888,#887,#463,.T.);
#1104=EDGE_CURVE('',#886,#888,#464,.T.);
#1105=EDGE_CURVE('',#886,#889,#465,.T.);
#1106=EDGE_CURVE('',#890,#888,#466,.T.);
#1107=EDGE_CURVE('',#889,#890,#467,.T.);
#1108=EDGE_CURVE('',#889,#891,#468,.T.);
#1109=EDGE_CURVE('',#892,#890,#469,.T.);
#1110=EDGE_CURVE('',#891,#892,#470,.T.);
#1111=EDGE_CURVE('',#891,#885,#471,.T.);
#1112=EDGE_CURVE('',#887,#892,#472,.T.);
#1113=EDGE_CURVE('',#893,#894,#473,.T.);
#1114=EDGE_CURVE('',#893,#895,#474,.T.);
#1115=EDGE_CURVE('',#896,#895,#475,.T.);
#1116=EDGE_CURVE('',#894,#896,#476,.T.);
#1117=EDGE_CURVE('',#894,#897,#477,.T.);
#1118=EDGE_CURVE('',#898,#896,#478,.T.);
#1119=EDGE_CURVE('',#897,#898,#479,.T.);
#1120=EDGE_CURVE('',#897,#899,#480,.T.);
#1121=EDGE_CURVE('',#900,#898,#481,.T.);
#1122=EDGE_CURVE('',#899,#900,#482,.T.);
#1123=EDGE_CURVE('',#899,#893,#483,.T.);
#1124=EDGE_CURVE('',#895,#900,#484,.T.);
#1125=EDGE_CURVE('',#901,#902,#485,.T.);
#1126=EDGE_CURVE('',#901,#903,#486,.T.);
#1127=EDGE_CURVE('',#904,#903,#487,.T.);
#1128=EDGE_CURVE('',#902,#904,#488,.T.);
#1129=EDGE_CURVE('',#902,#905,#489,.T.);
#1130=EDGE_CURVE('',#906,#904,#490,.T.);
#1131=EDGE_CURVE('',#905,#906,#491,.T.);
#1132=EDGE_CURVE('',#905,#907,#492,.T.);
#1133=EDGE_CURVE('',#908,#906,#493,.T.);
#1134=EDGE_CURVE('',#907,#908,#494,.T.);
#1135=EDGE_CURVE('',#907,#901,#495,.T.);
#1136=EDGE_CURVE('',#903,#908,#496,.T.);
#1137=EDGE_CURVE('',#909,#910,#497,.T.);
#1138=EDGE_CURVE('',#910,#911,#498,.T.);
#1139=EDGE_CURVE('',#911,#912,#499,.T.);
#1140=EDGE_CURVE('',#909,#912,#500,.T.);
#1141=EDGE_CURVE('',#910,#913,#501,.T.);
#1142=EDGE_CURVE('',#913,#914,#502,.T.);
#1143=EDGE_CURVE('',#914,#911,#503,.T.);
#1144=EDGE_CURVE('',#913,#915,#504,.T.);
#1145=EDGE_CURVE('',#915,#916,#505,.T.);
#1146=EDGE_CURVE('',#916,#914,#506,.T.);
#1147=EDGE_CURVE('',#915,#909,#507,.T.);
#1148=EDGE_CURVE('',#912,#916,#508,.T.);
#1149=EDGE_CURVE('',#917,#918,#509,.T.);
#1150=EDGE_CURVE('',#917,#919,#510,.T.);
#1151=EDGE_CURVE('',#920,#919,#511,.T.);
#1152=EDGE_CURVE('',#918,#920,#512,.T.);
#1153=EDGE_CURVE('',#918,#921,#513,.T.);
#1154=EDGE_CURVE('',#922,#920,#514,.T.);
#1155=EDGE_CURVE('',#921,#922,#515,.T.);
#1156=EDGE_CURVE('',#921,#923,#516,.T.);
#1157=EDGE_CURVE('',#924,#922,#517,.T.);
#1158=EDGE_CURVE('',#923,#924,#518,.T.);
#1159=EDGE_CURVE('',#923,#917,#519,.T.);
#1160=EDGE_CURVE('',#919,#924,#520,.T.);
#1161=EDGE_CURVE('',#925,#926,#521,.T.);
#1162=EDGE_CURVE('',#926,#927,#522,.T.);
#1163=EDGE_CURVE('',#927,#928,#523,.T.);
#1164=EDGE_CURVE('',#925,#928,#524,.T.);
#1165=EDGE_CURVE('',#926,#929,#525,.T.);
#1166=EDGE_CURVE('',#929,#930,#526,.T.);
#1167=EDGE_CURVE('',#930,#927,#527,.T.);
#1168=EDGE_CURVE('',#929,#931,#528,.T.);
#1169=EDGE_CURVE('',#931,#932,#529,.T.);
#1170=EDGE_CURVE('',#932,#930,#530,.T.);
#1171=EDGE_CURVE('',#931,#925,#531,.T.);
#1172=EDGE_CURVE('',#928,#932,#532,.T.);
#1173=ORIENTED_EDGE('',*,*,#933,.F.);
#1174=ORIENTED_EDGE('',*,*,#934,.T.);
#1175=ORIENTED_EDGE('',*,*,#935,.F.);
#1176=ORIENTED_EDGE('',*,*,#936,.F.);
#1177=ORIENTED_EDGE('',*,*,#937,.F.);
#1178=ORIENTED_EDGE('',*,*,#936,.T.);
#1179=ORIENTED_EDGE('',*,*,#938,.F.);
#1180=ORIENTED_EDGE('',*,*,#939,.F.);
#1181=ORIENTED_EDGE('',*,*,#940,.F.);
#1182=ORIENTED_EDGE('',*,*,#939,.T.);
#1183=ORIENTED_EDGE('',*,*,#941,.F.);
#1184=ORIENTED_EDGE('',*,*,#942,.F.);
#1185=ORIENTED_EDGE('',*,*,#943,.F.);
#1186=ORIENTED_EDGE('',*,*,#942,.T.);
#1187=ORIENTED_EDGE('',*,*,#944,.F.);
#1188=ORIENTED_EDGE('',*,*,#934,.F.);
#1189=ORIENTED_EDGE('',*,*,#944,.T.);
#1190=ORIENTED_EDGE('',*,*,#941,.T.);
#1191=ORIENTED_EDGE('',*,*,#938,.T.);
#1192=ORIENTED_EDGE('',*,*,#935,.T.);
#1193=ORIENTED_EDGE('',*,*,#943,.T.);
#1194=ORIENTED_EDGE('',*,*,#933,.T.);
#1195=ORIENTED_EDGE('',*,*,#937,.T.);
#1196=ORIENTED_EDGE('',*,*,#940,.T.);
#1197=ORIENTED_EDGE('',*,*,#945,.F.);
#1198=ORIENTED_EDGE('',*,*,#946,.F.);
#1199=ORIENTED_EDGE('',*,*,#947,.F.);
#1200=ORIENTED_EDGE('',*,*,#948,.F.);
#1201=ORIENTED_EDGE('',*,*,#947,.T.);
#1202=ORIENTED_EDGE('',*,*,#949,.F.);
#1203=ORIENTED_EDGE('',*,*,#950,.T.);
#1204=ORIENTED_EDGE('',*,*,#951,.T.);
#1205=ORIENTED_EDGE('',*,*,#946,.T.);
#1206=ORIENTED_EDGE('',*,*,#952,.F.);
#1207=ORIENTED_EDGE('',*,*,#953,.T.);
#1208=ORIENTED_EDGE('',*,*,#949,.T.);
#1209=ORIENTED_EDGE('',*,*,#945,.T.);
#1210=ORIENTED_EDGE('',*,*,#954,.F.);
#1211=ORIENTED_EDGE('',*,*,#955,.T.);
#1212=ORIENTED_EDGE('',*,*,#952,.T.);
#1213=ORIENTED_EDGE('',*,*,#948,.T.);
#1214=ORIENTED_EDGE('',*,*,#951,.F.);
#1215=ORIENTED_EDGE('',*,*,#956,.T.);
#1216=ORIENTED_EDGE('',*,*,#954,.T.);
#1217=ORIENTED_EDGE('',*,*,#953,.F.);
#1218=ORIENTED_EDGE('',*,*,#955,.F.);
#1219=ORIENTED_EDGE('',*,*,#956,.F.);
#1220=ORIENTED_EDGE('',*,*,#950,.F.);
#1221=ORIENTED_EDGE('',*,*,#957,.F.);
#1222=ORIENTED_EDGE('',*,*,#958,.F.);
#1223=ORIENTED_EDGE('',*,*,#959,.F.);
#1224=ORIENTED_EDGE('',*,*,#960,.F.);
#1225=ORIENTED_EDGE('',*,*,#959,.T.);
#1226=ORIENTED_EDGE('',*,*,#961,.F.);
#1227=ORIENTED_EDGE('',*,*,#962,.F.);
#1228=ORIENTED_EDGE('',*,*,#963,.T.);
#1229=ORIENTED_EDGE('',*,*,#958,.T.);
#1230=ORIENTED_EDGE('',*,*,#964,.F.);
#1231=ORIENTED_EDGE('',*,*,#965,.F.);
#1232=ORIENTED_EDGE('',*,*,#961,.T.);
#1233=ORIENTED_EDGE('',*,*,#957,.T.);
#1234=ORIENTED_EDGE('',*,*,#966,.F.);
#1235=ORIENTED_EDGE('',*,*,#967,.F.);
#1236=ORIENTED_EDGE('',*,*,#964,.T.);
#1237=ORIENTED_EDGE('',*,*,#960,.T.);
#1238=ORIENTED_EDGE('',*,*,#963,.F.);
#1239=ORIENTED_EDGE('',*,*,#968,.F.);
#1240=ORIENTED_EDGE('',*,*,#966,.T.);
#1241=ORIENTED_EDGE('',*,*,#965,.T.);
#1242=ORIENTED_EDGE('',*,*,#967,.T.);
#1243=ORIENTED_EDGE('',*,*,#968,.T.);
#1244=ORIENTED_EDGE('',*,*,#962,.T.);
#1245=ORIENTED_EDGE('',*,*,#969,.F.);
#1246=ORIENTED_EDGE('',*,*,#970,.F.);
#1247=ORIENTED_EDGE('',*,*,#971,.F.);
#1248=ORIENTED_EDGE('',*,*,#972,.F.);
#1249=ORIENTED_EDGE('',*,*,#971,.T.);
#1250=ORIENTED_EDGE('',*,*,#973,.F.);
#1251=ORIENTED_EDGE('',*,*,#974,.F.);
#1252=ORIENTED_EDGE('',*,*,#975,.T.);
#1253=ORIENTED_EDGE('',*,*,#970,.T.);
#1254=ORIENTED_EDGE('',*,*,#976,.F.);
#1255=ORIENTED_EDGE('',*,*,#977,.F.);
#1256=ORIENTED_EDGE('',*,*,#973,.T.);
#1257=ORIENTED_EDGE('',*,*,#969,.T.);
#1258=ORIENTED_EDGE('',*,*,#978,.F.);
#1259=ORIENTED_EDGE('',*,*,#979,.F.);
#1260=ORIENTED_EDGE('',*,*,#976,.T.);
#1261=ORIENTED_EDGE('',*,*,#972,.T.);
#1262=ORIENTED_EDGE('',*,*,#975,.F.);
#1263=ORIENTED_EDGE('',*,*,#980,.F.);
#1264=ORIENTED_EDGE('',*,*,#978,.T.);
#1265=ORIENTED_EDGE('',*,*,#980,.T.);
#1266=ORIENTED_EDGE('',*,*,#974,.T.);
#1267=ORIENTED_EDGE('',*,*,#977,.T.);
#1268=ORIENTED_EDGE('',*,*,#979,.T.);
#1269=ORIENTED_EDGE('',*,*,#981,.F.);
#1270=ORIENTED_EDGE('',*,*,#982,.F.);
#1271=ORIENTED_EDGE('',*,*,#983,.F.);
#1272=ORIENTED_EDGE('',*,*,#984,.F.);
#1273=ORIENTED_EDGE('',*,*,#983,.T.);
#1274=ORIENTED_EDGE('',*,*,#985,.F.);
#1275=ORIENTED_EDGE('',*,*,#986,.T.);
#1276=ORIENTED_EDGE('',*,*,#987,.T.);
#1277=ORIENTED_EDGE('',*,*,#982,.T.);
#1278=ORIENTED_EDGE('',*,*,#988,.F.);
#1279=ORIENTED_EDGE('',*,*,#989,.T.);
#1280=ORIENTED_EDGE('',*,*,#985,.T.);
#1281=ORIENTED_EDGE('',*,*,#981,.T.);
#1282=ORIENTED_EDGE('',*,*,#990,.F.);
#1283=ORIENTED_EDGE('',*,*,#991,.T.);
#1284=ORIENTED_EDGE('',*,*,#988,.T.);
#1285=ORIENTED_EDGE('',*,*,#984,.T.);
#1286=ORIENTED_EDGE('',*,*,#987,.F.);
#1287=ORIENTED_EDGE('',*,*,#992,.T.);
#1288=ORIENTED_EDGE('',*,*,#990,.T.);
#1289=ORIENTED_EDGE('',*,*,#992,.F.);
#1290=ORIENTED_EDGE('',*,*,#986,.F.);
#1291=ORIENTED_EDGE('',*,*,#989,.F.);
#1292=ORIENTED_EDGE('',*,*,#991,.F.);
#1293=ORIENTED_EDGE('',*,*,#993,.F.);
#1294=ORIENTED_EDGE('',*,*,#994,.F.);
#1295=ORIENTED_EDGE('',*,*,#995,.F.);
#1296=ORIENTED_EDGE('',*,*,#996,.F.);
#1297=ORIENTED_EDGE('',*,*,#995,.T.);
#1298=ORIENTED_EDGE('',*,*,#997,.F.);
#1299=ORIENTED_EDGE('',*,*,#998,.F.);
#1300=ORIENTED_EDGE('',*,*,#999,.T.);
#1301=ORIENTED_EDGE('',*,*,#994,.T.);
#1302=ORIENTED_EDGE('',*,*,#1000,.F.);
#1303=ORIENTED_EDGE('',*,*,#1001,.F.);
#1304=ORIENTED_EDGE('',*,*,#997,.T.);
#1305=ORIENTED_EDGE('',*,*,#993,.T.);
#1306=ORIENTED_EDGE('',*,*,#1002,.F.);
#1307=ORIENTED_EDGE('',*,*,#1003,.F.);
#1308=ORIENTED_EDGE('',*,*,#1000,.T.);
#1309=ORIENTED_EDGE('',*,*,#996,.T.);
#1310=ORIENTED_EDGE('',*,*,#999,.F.);
#1311=ORIENTED_EDGE('',*,*,#1004,.F.);
#1312=ORIENTED_EDGE('',*,*,#1002,.T.);
#1313=ORIENTED_EDGE('',*,*,#1004,.T.);
#1314=ORIENTED_EDGE('',*,*,#998,.T.);
#1315=ORIENTED_EDGE('',*,*,#1001,.T.);
#1316=ORIENTED_EDGE('',*,*,#1003,.T.);
#1317=ORIENTED_EDGE('',*,*,#1005,.F.);
#1318=ORIENTED_EDGE('',*,*,#1006,.F.);
#1319=ORIENTED_EDGE('',*,*,#1007,.F.);
#1320=ORIENTED_EDGE('',*,*,#1008,.F.);
#1321=ORIENTED_EDGE('',*,*,#1007,.T.);
#1322=ORIENTED_EDGE('',*,*,#1009,.F.);
#1323=ORIENTED_EDGE('',*,*,#1010,.T.);
#1324=ORIENTED_EDGE('',*,*,#1011,.T.);
#1325=ORIENTED_EDGE('',*,*,#1006,.T.);
#1326=ORIENTED_EDGE('',*,*,#1012,.F.);
#1327=ORIENTED_EDGE('',*,*,#1013,.T.);
#1328=ORIENTED_EDGE('',*,*,#1009,.T.);
#1329=ORIENTED_EDGE('',*,*,#1005,.T.);
#1330=ORIENTED_EDGE('',*,*,#1014,.F.);
#1331=ORIENTED_EDGE('',*,*,#1015,.T.);
#1332=ORIENTED_EDGE('',*,*,#1012,.T.);
#1333=ORIENTED_EDGE('',*,*,#1008,.T.);
#1334=ORIENTED_EDGE('',*,*,#1011,.F.);
#1335=ORIENTED_EDGE('',*,*,#1016,.T.);
#1336=ORIENTED_EDGE('',*,*,#1014,.T.);
#1337=ORIENTED_EDGE('',*,*,#1016,.F.);
#1338=ORIENTED_EDGE('',*,*,#1010,.F.);
#1339=ORIENTED_EDGE('',*,*,#1013,.F.);
#1340=ORIENTED_EDGE('',*,*,#1015,.F.);
#1341=ORIENTED_EDGE('',*,*,#1017,.F.);
#1342=ORIENTED_EDGE('',*,*,#1018,.F.);
#1343=ORIENTED_EDGE('',*,*,#1019,.F.);
#1344=ORIENTED_EDGE('',*,*,#1020,.F.);
#1345=ORIENTED_EDGE('',*,*,#1019,.T.);
#1346=ORIENTED_EDGE('',*,*,#1021,.F.);
#1347=ORIENTED_EDGE('',*,*,#1022,.T.);
#1348=ORIENTED_EDGE('',*,*,#1023,.T.);
#1349=ORIENTED_EDGE('',*,*,#1018,.T.);
#1350=ORIENTED_EDGE('',*,*,#1024,.F.);
#1351=ORIENTED_EDGE('',*,*,#1025,.T.);
#1352=ORIENTED_EDGE('',*,*,#1021,.T.);
#1353=ORIENTED_EDGE('',*,*,#1017,.T.);
#1354=ORIENTED_EDGE('',*,*,#1026,.F.);
#1355=ORIENTED_EDGE('',*,*,#1027,.T.);
#1356=ORIENTED_EDGE('',*,*,#1024,.T.);
#1357=ORIENTED_EDGE('',*,*,#1020,.T.);
#1358=ORIENTED_EDGE('',*,*,#1023,.F.);
#1359=ORIENTED_EDGE('',*,*,#1028,.T.);
#1360=ORIENTED_EDGE('',*,*,#1026,.T.);
#1361=ORIENTED_EDGE('',*,*,#1025,.F.);
#1362=ORIENTED_EDGE('',*,*,#1027,.F.);
#1363=ORIENTED_EDGE('',*,*,#1028,.F.);
#1364=ORIENTED_EDGE('',*,*,#1022,.F.);
#1365=ORIENTED_EDGE('',*,*,#1029,.F.);
#1366=ORIENTED_EDGE('',*,*,#1030,.F.);
#1367=ORIENTED_EDGE('',*,*,#1031,.F.);
#1368=ORIENTED_EDGE('',*,*,#1032,.F.);
#1369=ORIENTED_EDGE('',*,*,#1031,.T.);
#1370=ORIENTED_EDGE('',*,*,#1033,.F.);
#1371=ORIENTED_EDGE('',*,*,#1034,.F.);
#1372=ORIENTED_EDGE('',*,*,#1035,.T.);
#1373=ORIENTED_EDGE('',*,*,#1030,.T.);
#1374=ORIENTED_EDGE('',*,*,#1036,.F.);
#1375=ORIENTED_EDGE('',*,*,#1037,.F.);
#1376=ORIENTED_EDGE('',*,*,#1033,.T.);
#1377=ORIENTED_EDGE('',*,*,#1029,.T.);
#1378=ORIENTED_EDGE('',*,*,#1038,.F.);
#1379=ORIENTED_EDGE('',*,*,#1039,.F.);
#1380=ORIENTED_EDGE('',*,*,#1036,.T.);
#1381=ORIENTED_EDGE('',*,*,#1032,.T.);
#1382=ORIENTED_EDGE('',*,*,#1035,.F.);
#1383=ORIENTED_EDGE('',*,*,#1040,.F.);
#1384=ORIENTED_EDGE('',*,*,#1038,.T.);
#1385=ORIENTED_EDGE('',*,*,#1037,.T.);
#1386=ORIENTED_EDGE('',*,*,#1039,.T.);
#1387=ORIENTED_EDGE('',*,*,#1040,.T.);
#1388=ORIENTED_EDGE('',*,*,#1034,.T.);
#1389=ORIENTED_EDGE('',*,*,#1041,.F.);
#1390=ORIENTED_EDGE('',*,*,#1042,.T.);
#1391=ORIENTED_EDGE('',*,*,#1043,.F.);
#1392=ORIENTED_EDGE('',*,*,#1044,.F.);
#1393=ORIENTED_EDGE('',*,*,#1045,.F.);
#1394=ORIENTED_EDGE('',*,*,#1044,.T.);
#1395=ORIENTED_EDGE('',*,*,#1046,.F.);
#1396=ORIENTED_EDGE('',*,*,#1047,.F.);
#1397=ORIENTED_EDGE('',*,*,#1048,.T.);
#1398=ORIENTED_EDGE('',*,*,#1047,.T.);
#1399=ORIENTED_EDGE('',*,*,#1049,.F.);
#1400=ORIENTED_EDGE('',*,*,#1050,.F.);
#1401=ORIENTED_EDGE('',*,*,#1051,.T.);
#1402=ORIENTED_EDGE('',*,*,#1050,.T.);
#1403=ORIENTED_EDGE('',*,*,#1052,.F.);
#1404=ORIENTED_EDGE('',*,*,#1042,.F.);
#1405=ORIENTED_EDGE('',*,*,#1052,.T.);
#1406=ORIENTED_EDGE('',*,*,#1049,.T.);
#1407=ORIENTED_EDGE('',*,*,#1046,.T.);
#1408=ORIENTED_EDGE('',*,*,#1043,.T.);
#1409=ORIENTED_EDGE('',*,*,#1051,.F.);
#1410=ORIENTED_EDGE('',*,*,#1041,.T.);
#1411=ORIENTED_EDGE('',*,*,#1045,.T.);
#1412=ORIENTED_EDGE('',*,*,#1048,.F.);
#1413=ORIENTED_EDGE('',*,*,#1053,.T.);
#1414=ORIENTED_EDGE('',*,*,#1054,.T.);
#1415=ORIENTED_EDGE('',*,*,#1055,.T.);
#1416=ORIENTED_EDGE('',*,*,#1056,.F.);
#1417=ORIENTED_EDGE('',*,*,#1057,.T.);
#1418=ORIENTED_EDGE('',*,*,#1058,.T.);
#1419=ORIENTED_EDGE('',*,*,#1059,.T.);
#1420=ORIENTED_EDGE('',*,*,#1054,.F.);
#1421=ORIENTED_EDGE('',*,*,#1060,.F.);
#1422=ORIENTED_EDGE('',*,*,#1061,.T.);
#1423=ORIENTED_EDGE('',*,*,#1062,.T.);
#1424=ORIENTED_EDGE('',*,*,#1058,.F.);
#1425=ORIENTED_EDGE('',*,*,#1063,.F.);
#1426=ORIENTED_EDGE('',*,*,#1056,.T.);
#1427=ORIENTED_EDGE('',*,*,#1064,.T.);
#1428=ORIENTED_EDGE('',*,*,#1061,.F.);
#1429=ORIENTED_EDGE('',*,*,#1064,.F.);
#1430=ORIENTED_EDGE('',*,*,#1055,.F.);
#1431=ORIENTED_EDGE('',*,*,#1059,.F.);
#1432=ORIENTED_EDGE('',*,*,#1062,.F.);
#1433=ORIENTED_EDGE('',*,*,#1063,.T.);
#1434=ORIENTED_EDGE('',*,*,#1060,.T.);
#1435=ORIENTED_EDGE('',*,*,#1057,.F.);
#1436=ORIENTED_EDGE('',*,*,#1053,.F.);
#1437=ORIENTED_EDGE('',*,*,#1065,.F.);
#1438=ORIENTED_EDGE('',*,*,#1066,.T.);
#1439=ORIENTED_EDGE('',*,*,#1067,.F.);
#1440=ORIENTED_EDGE('',*,*,#1068,.F.);
#1441=ORIENTED_EDGE('',*,*,#1069,.F.);
#1442=ORIENTED_EDGE('',*,*,#1068,.T.);
#1443=ORIENTED_EDGE('',*,*,#1070,.F.);
#1444=ORIENTED_EDGE('',*,*,#1071,.F.);
#1445=ORIENTED_EDGE('',*,*,#1072,.T.);
#1446=ORIENTED_EDGE('',*,*,#1071,.T.);
#1447=ORIENTED_EDGE('',*,*,#1073,.F.);
#1448=ORIENTED_EDGE('',*,*,#1074,.F.);
#1449=ORIENTED_EDGE('',*,*,#1075,.T.);
#1450=ORIENTED_EDGE('',*,*,#1074,.T.);
#1451=ORIENTED_EDGE('',*,*,#1076,.F.);
#1452=ORIENTED_EDGE('',*,*,#1066,.F.);
#1453=ORIENTED_EDGE('',*,*,#1076,.T.);
#1454=ORIENTED_EDGE('',*,*,#1073,.T.);
#1455=ORIENTED_EDGE('',*,*,#1070,.T.);
#1456=ORIENTED_EDGE('',*,*,#1067,.T.);
#1457=ORIENTED_EDGE('',*,*,#1075,.F.);
#1458=ORIENTED_EDGE('',*,*,#1065,.T.);
#1459=ORIENTED_EDGE('',*,*,#1069,.T.);
#1460=ORIENTED_EDGE('',*,*,#1072,.F.);
#1461=ORIENTED_EDGE('',*,*,#1077,.T.);
#1462=ORIENTED_EDGE('',*,*,#1078,.T.);
#1463=ORIENTED_EDGE('',*,*,#1079,.T.);
#1464=ORIENTED_EDGE('',*,*,#1080,.F.);
#1465=ORIENTED_EDGE('',*,*,#1081,.T.);
#1466=ORIENTED_EDGE('',*,*,#1082,.T.);
#1467=ORIENTED_EDGE('',*,*,#1083,.T.);
#1468=ORIENTED_EDGE('',*,*,#1078,.F.);
#1469=ORIENTED_EDGE('',*,*,#1084,.F.);
#1470=ORIENTED_EDGE('',*,*,#1085,.T.);
#1471=ORIENTED_EDGE('',*,*,#1086,.T.);
#1472=ORIENTED_EDGE('',*,*,#1082,.F.);
#1473=ORIENTED_EDGE('',*,*,#1087,.F.);
#1474=ORIENTED_EDGE('',*,*,#1080,.T.);
#1475=ORIENTED_EDGE('',*,*,#1088,.T.);
#1476=ORIENTED_EDGE('',*,*,#1085,.F.);
#1477=ORIENTED_EDGE('',*,*,#1088,.F.);
#1478=ORIENTED_EDGE('',*,*,#1079,.F.);
#1479=ORIENTED_EDGE('',*,*,#1083,.F.);
#1480=ORIENTED_EDGE('',*,*,#1086,.F.);
#1481=ORIENTED_EDGE('',*,*,#1087,.T.);
#1482=ORIENTED_EDGE('',*,*,#1084,.T.);
#1483=ORIENTED_EDGE('',*,*,#1081,.F.);
#1484=ORIENTED_EDGE('',*,*,#1077,.F.);
#1485=ORIENTED_EDGE('',*,*,#1089,.T.);
#1486=ORIENTED_EDGE('',*,*,#1090,.T.);
#1487=ORIENTED_EDGE('',*,*,#1091,.F.);
#1488=ORIENTED_EDGE('',*,*,#1092,.F.);
#1489=ORIENTED_EDGE('',*,*,#1093,.F.);
#1490=ORIENTED_EDGE('',*,*,#1092,.T.);
#1491=ORIENTED_EDGE('',*,*,#1094,.F.);
#1492=ORIENTED_EDGE('',*,*,#1095,.F.);
#1493=ORIENTED_EDGE('',*,*,#1096,.T.);
#1494=ORIENTED_EDGE('',*,*,#1095,.T.);
#1495=ORIENTED_EDGE('',*,*,#1097,.F.);
#1496=ORIENTED_EDGE('',*,*,#1098,.F.);
#1497=ORIENTED_EDGE('',*,*,#1099,.F.);
#1498=ORIENTED_EDGE('',*,*,#1098,.T.);
#1499=ORIENTED_EDGE('',*,*,#1100,.F.);
#1500=ORIENTED_EDGE('',*,*,#1090,.F.);
#1501=ORIENTED_EDGE('',*,*,#1100,.T.);
#1502=ORIENTED_EDGE('',*,*,#1097,.T.);
#1503=ORIENTED_EDGE('',*,*,#1094,.T.);
#1504=ORIENTED_EDGE('',*,*,#1091,.T.);
#1505=ORIENTED_EDGE('',*,*,#1099,.T.);
#1506=ORIENTED_EDGE('',*,*,#1089,.F.);
#1507=ORIENTED_EDGE('',*,*,#1093,.T.);
#1508=ORIENTED_EDGE('',*,*,#1096,.F.);
#1509=ORIENTED_EDGE('',*,*,#1101,.F.);
#1510=ORIENTED_EDGE('',*,*,#1102,.T.);
#1511=ORIENTED_EDGE('',*,*,#1103,.F.);
#1512=ORIENTED_EDGE('',*,*,#1104,.F.);
#1513=ORIENTED_EDGE('',*,*,#1105,.F.);
#1514=ORIENTED_EDGE('',*,*,#1104,.T.);
#1515=ORIENTED_EDGE('',*,*,#1106,.F.);
#1516=ORIENTED_EDGE('',*,*,#1107,.F.);
#1517=ORIENTED_EDGE('',*,*,#1108,.F.);
#1518=ORIENTED_EDGE('',*,*,#1107,.T.);
#1519=ORIENTED_EDGE('',*,*,#1109,.F.);
#1520=ORIENTED_EDGE('',*,*,#1110,.F.);
#1521=ORIENTED_EDGE('',*,*,#1111,.F.);
#1522=ORIENTED_EDGE('',*,*,#1110,.T.);
#1523=ORIENTED_EDGE('',*,*,#1112,.F.);
#1524=ORIENTED_EDGE('',*,*,#1102,.F.);
#1525=ORIENTED_EDGE('',*,*,#1112,.T.);
#1526=ORIENTED_EDGE('',*,*,#1109,.T.);
#1527=ORIENTED_EDGE('',*,*,#1106,.T.);
#1528=ORIENTED_EDGE('',*,*,#1103,.T.);
#1529=ORIENTED_EDGE('',*,*,#1111,.T.);
#1530=ORIENTED_EDGE('',*,*,#1101,.T.);
#1531=ORIENTED_EDGE('',*,*,#1105,.T.);
#1532=ORIENTED_EDGE('',*,*,#1108,.T.);
#1533=ORIENTED_EDGE('',*,*,#1113,.F.);
#1534=ORIENTED_EDGE('',*,*,#1114,.T.);
#1535=ORIENTED_EDGE('',*,*,#1115,.F.);
#1536=ORIENTED_EDGE('',*,*,#1116,.F.);
#1537=ORIENTED_EDGE('',*,*,#1117,.F.);
#1538=ORIENTED_EDGE('',*,*,#1116,.T.);
#1539=ORIENTED_EDGE('',*,*,#1118,.F.);
#1540=ORIENTED_EDGE('',*,*,#1119,.F.);
#1541=ORIENTED_EDGE('',*,*,#1120,.F.);
#1542=ORIENTED_EDGE('',*,*,#1119,.T.);
#1543=ORIENTED_EDGE('',*,*,#1121,.F.);
#1544=ORIENTED_EDGE('',*,*,#1122,.F.);
#1545=ORIENTED_EDGE('',*,*,#1123,.F.);
#1546=ORIENTED_EDGE('',*,*,#1122,.T.);
#1547=ORIENTED_EDGE('',*,*,#1124,.F.);
#1548=ORIENTED_EDGE('',*,*,#1114,.F.);
#1549=ORIENTED_EDGE('',*,*,#1124,.T.);
#1550=ORIENTED_EDGE('',*,*,#1121,.T.);
#1551=ORIENTED_EDGE('',*,*,#1118,.T.);
#1552=ORIENTED_EDGE('',*,*,#1115,.T.);
#1553=ORIENTED_EDGE('',*,*,#1123,.T.);
#1554=ORIENTED_EDGE('',*,*,#1113,.T.);
#1555=ORIENTED_EDGE('',*,*,#1117,.T.);
#1556=ORIENTED_EDGE('',*,*,#1120,.T.);
#1557=ORIENTED_EDGE('',*,*,#1125,.F.);
#1558=ORIENTED_EDGE('',*,*,#1126,.T.);
#1559=ORIENTED_EDGE('',*,*,#1127,.F.);
#1560=ORIENTED_EDGE('',*,*,#1128,.F.);
#1561=ORIENTED_EDGE('',*,*,#1129,.F.);
#1562=ORIENTED_EDGE('',*,*,#1128,.T.);
#1563=ORIENTED_EDGE('',*,*,#1130,.F.);
#1564=ORIENTED_EDGE('',*,*,#1131,.F.);
#1565=ORIENTED_EDGE('',*,*,#1132,.F.);
#1566=ORIENTED_EDGE('',*,*,#1131,.T.);
#1567=ORIENTED_EDGE('',*,*,#1133,.F.);
#1568=ORIENTED_EDGE('',*,*,#1134,.F.);
#1569=ORIENTED_EDGE('',*,*,#1135,.F.);
#1570=ORIENTED_EDGE('',*,*,#1134,.T.);
#1571=ORIENTED_EDGE('',*,*,#1136,.F.);
#1572=ORIENTED_EDGE('',*,*,#1126,.F.);
#1573=ORIENTED_EDGE('',*,*,#1136,.T.);
#1574=ORIENTED_EDGE('',*,*,#1133,.T.);
#1575=ORIENTED_EDGE('',*,*,#1130,.T.);
#1576=ORIENTED_EDGE('',*,*,#1127,.T.);
#1577=ORIENTED_EDGE('',*,*,#1135,.T.);
#1578=ORIENTED_EDGE('',*,*,#1125,.T.);
#1579=ORIENTED_EDGE('',*,*,#1129,.T.);
#1580=ORIENTED_EDGE('',*,*,#1132,.T.);
#1581=ORIENTED_EDGE('',*,*,#1137,.T.);
#1582=ORIENTED_EDGE('',*,*,#1138,.T.);
#1583=ORIENTED_EDGE('',*,*,#1139,.T.);
#1584=ORIENTED_EDGE('',*,*,#1140,.F.);
#1585=ORIENTED_EDGE('',*,*,#1141,.T.);
#1586=ORIENTED_EDGE('',*,*,#1142,.T.);
#1587=ORIENTED_EDGE('',*,*,#1143,.T.);
#1588=ORIENTED_EDGE('',*,*,#1138,.F.);
#1589=ORIENTED_EDGE('',*,*,#1144,.T.);
#1590=ORIENTED_EDGE('',*,*,#1145,.T.);
#1591=ORIENTED_EDGE('',*,*,#1146,.T.);
#1592=ORIENTED_EDGE('',*,*,#1142,.F.);
#1593=ORIENTED_EDGE('',*,*,#1147,.T.);
#1594=ORIENTED_EDGE('',*,*,#1140,.T.);
#1595=ORIENTED_EDGE('',*,*,#1148,.T.);
#1596=ORIENTED_EDGE('',*,*,#1145,.F.);
#1597=ORIENTED_EDGE('',*,*,#1148,.F.);
#1598=ORIENTED_EDGE('',*,*,#1139,.F.);
#1599=ORIENTED_EDGE('',*,*,#1143,.F.);
#1600=ORIENTED_EDGE('',*,*,#1146,.F.);
#1601=ORIENTED_EDGE('',*,*,#1147,.F.);
#1602=ORIENTED_EDGE('',*,*,#1144,.F.);
#1603=ORIENTED_EDGE('',*,*,#1141,.F.);
#1604=ORIENTED_EDGE('',*,*,#1137,.F.);
#1605=ORIENTED_EDGE('',*,*,#1149,.F.);
#1606=ORIENTED_EDGE('',*,*,#1150,.T.);
#1607=ORIENTED_EDGE('',*,*,#1151,.F.);
#1608=ORIENTED_EDGE('',*,*,#1152,.F.);
#1609=ORIENTED_EDGE('',*,*,#1153,.F.);
#1610=ORIENTED_EDGE('',*,*,#1152,.T.);
#1611=ORIENTED_EDGE('',*,*,#1154,.F.);
#1612=ORIENTED_EDGE('',*,*,#1155,.F.);
#1613=ORIENTED_EDGE('',*,*,#1156,.F.);
#1614=ORIENTED_EDGE('',*,*,#1155,.T.);
#1615=ORIENTED_EDGE('',*,*,#1157,.F.);
#1616=ORIENTED_EDGE('',*,*,#1158,.F.);
#1617=ORIENTED_EDGE('',*,*,#1159,.F.);
#1618=ORIENTED_EDGE('',*,*,#1158,.T.);
#1619=ORIENTED_EDGE('',*,*,#1160,.F.);
#1620=ORIENTED_EDGE('',*,*,#1150,.F.);
#1621=ORIENTED_EDGE('',*,*,#1160,.T.);
#1622=ORIENTED_EDGE('',*,*,#1157,.T.);
#1623=ORIENTED_EDGE('',*,*,#1154,.T.);
#1624=ORIENTED_EDGE('',*,*,#1151,.T.);
#1625=ORIENTED_EDGE('',*,*,#1159,.T.);
#1626=ORIENTED_EDGE('',*,*,#1149,.T.);
#1627=ORIENTED_EDGE('',*,*,#1153,.T.);
#1628=ORIENTED_EDGE('',*,*,#1156,.T.);
#1629=ORIENTED_EDGE('',*,*,#1161,.T.);
#1630=ORIENTED_EDGE('',*,*,#1162,.T.);
#1631=ORIENTED_EDGE('',*,*,#1163,.T.);
#1632=ORIENTED_EDGE('',*,*,#1164,.F.);
#1633=ORIENTED_EDGE('',*,*,#1165,.T.);
#1634=ORIENTED_EDGE('',*,*,#1166,.T.);
#1635=ORIENTED_EDGE('',*,*,#1167,.T.);
#1636=ORIENTED_EDGE('',*,*,#1162,.F.);
#1637=ORIENTED_EDGE('',*,*,#1168,.T.);
#1638=ORIENTED_EDGE('',*,*,#1169,.T.);
#1639=ORIENTED_EDGE('',*,*,#1170,.T.);
#1640=ORIENTED_EDGE('',*,*,#1166,.F.);
#1641=ORIENTED_EDGE('',*,*,#1171,.T.);
#1642=ORIENTED_EDGE('',*,*,#1164,.T.);
#1643=ORIENTED_EDGE('',*,*,#1172,.T.);
#1644=ORIENTED_EDGE('',*,*,#1169,.F.);
#1645=ORIENTED_EDGE('',*,*,#1172,.F.);
#1646=ORIENTED_EDGE('',*,*,#1163,.F.);
#1647=ORIENTED_EDGE('',*,*,#1167,.F.);
#1648=ORIENTED_EDGE('',*,*,#1170,.F.);
#1649=ORIENTED_EDGE('',*,*,#1171,.F.);
#1650=ORIENTED_EDGE('',*,*,#1168,.F.);
#1651=ORIENTED_EDGE('',*,*,#1165,.F.);
#1652=ORIENTED_EDGE('',*,*,#1161,.F.);
#1653=PLANE('',#1926);
#1654=PLANE('',#1927);
#1655=PLANE('',#1928);
#1656=PLANE('',#1929);
#1657=PLANE('',#1930);
#1658=PLANE('',#1931);
#1659=PLANE('',#1932);
#1660=PLANE('',#1933);
#1661=PLANE('',#1934);
#1662=PLANE('',#1935);
#1663=PLANE('',#1936);
#1664=PLANE('',#1937);
#1665=PLANE('',#1938);
#1666=PLANE('',#1939);
#1667=PLANE('',#1940);
#1668=PLANE('',#1941);
#1669=PLANE('',#1942);
#1670=PLANE('',#1943);
#1671=PLANE('',#1944);
#1672=PLANE('',#1945);
#1673=PLANE('',#1946);
#1674=PLANE('',#1947);
#1675=PLANE('',#1948);
#1676=PLANE('',#1949);
#1677=PLANE('',#1950);
#1678=PLANE('',#1951);
#1679=PLANE('',#1952);
#1680=PLANE('',#1953);
#1681=PLANE('',#1954);
#1682=PLANE('',#1955);
#1683=PLANE('',#1956);
#1684=PLANE('',#1957);
#1685=PLANE('',#1958);
#1686=PLANE('',#1959);
#1687=PLANE('',#1960);
#1688=PLANE('',#1961);
#1689=PLANE('',#1962);
#1690=PLANE('',#1963);
#1691=PLANE('',#1964);
#1692=PLANE('',#1965);
#1693=PLANE('',#1966);
#1694=PLANE('',#1967);
#1695=PLANE('',#1968);
#1696=PLANE('',#1969);
#1697=PLANE('',#1970);
#1698=PLANE('',#1971);
#1699=PLANE('',#1972);
#1700=PLANE('',#1973);
#1701=PLANE('',#1974);
#1702=PLANE('',#1975);
#1703=PLANE('',#1976);
#1704=PLANE('',#1977);
#1705=PLANE('',#1978);
#1706=PLANE('',#1979);
#1707=PLANE('',#1980);
#1708=PLANE('',#1981);
#1709=PLANE('',#1982);
#1710=PLANE('',#1983);
#1711=PLANE('',#1984);
#1712=PLANE('',#1985);
#1713=PLANE('',#1986);
#1714=PLANE('',#1987);
#1715=PLANE('',#1988);
#1716=PLANE('',#1989);
#1717=PLANE('',#1990);
#1718=PLANE('',#1991);
#1719=PLANE('',#1992);
#1720=PLANE('',#1993);
#1721=PLANE('',#1994);
#1722=PLANE('',#1995);
#1723=PLANE('',#1996);
#1724=PLANE('',#1997);
#1725=PLANE('',#1998);
#1726=PLANE('',#1999);
#1727=PLANE('',#2000);
#1728=PLANE('',#2001);
#1729=PLANE('',#2002);
#1730=PLANE('',#2003);
#1731=PLANE('',#2004);
#1732=PLANE('',#2005);
#1733=PLANE('',#2006);
#1734=PLANE('',#2007);
#1735=PLANE('',#2008);
#1736=PLANE('',#2009);
#1737=PLANE('',#2010);
#1738=PLANE('',#2011);
#1739=PLANE('',#2012);
#1740=PLANE('',#2013);
#1741=PLANE('',#2014);
#1742=PLANE('',#2015);
#1743=PLANE('',#2016);
#1744=PLANE('',#2017);
#1745=PLANE('',#2018);
#1746=PLANE('',#2019);
#1747=PLANE('',#2020);
#1748=PLANE('',#2021);
#1749=PLANE('',#2022);
#1750=PLANE('',#2023);
#1751=PLANE('',#2024);
#1752=PLANE('',#2025);
#1753=PLANE('',#2026);
#1754=PLANE('',#2027);
#1755=PLANE('',#2028);
#1756=PLANE('',#2029);
#1757=PLANE('',#2030);
#1758=PLANE('',#2031);
#1759=PLANE('',#2032);
#1760=PLANE('',#2033);
#1761=PLANE('',#2034);
#1762=PLANE('',#2035);
#1763=PLANE('',#2036);
#1764=PLANE('',#2037);
#1765=PLANE('',#2038);
#1766=PLANE('',#2039);
#1767=PLANE('',#2040);
#1768=PLANE('',#2041);
#1769=PLANE('',#2042);
#1770=PLANE('',#2043);
#1771=PLANE('',#2044);
#1772=PLANE('',#2045);
#1773=ADVANCED_FACE('',(#53),#1653,.T.);
#1774=ADVANCED_FACE('',(#54),#1654,.T.);
#1775=ADVANCED_FACE('',(#55),#1655,.T.);
#1776=ADVANCED_FACE('',(#56),#1656,.T.);
#1777=ADVANCED_FACE('',(#57),#1657,.T.);
#1778=ADVANCED_FACE('',(#58),#1658,.F.);
#1779=ADVANCED_FACE('',(#59),#1659,.T.);
#1780=ADVANCED_FACE('',(#60),#1660,.T.);
#1781=ADVANCED_FACE('',(#61),#1661,.T.);
#1782=ADVANCED_FACE('',(#62),#1662,.T.);
#1783=ADVANCED_FACE('',(#63),#1663,.T.);
#1784=ADVANCED_FACE('',(#64),#1664,.F.);
#1785=ADVANCED_FACE('',(#65),#1665,.T.);
#1786=ADVANCED_FACE('',(#66),#1666,.T.);
#1787=ADVANCED_FACE('',(#67),#1667,.T.);
#1788=ADVANCED_FACE('',(#68),#1668,.T.);
#1789=ADVANCED_FACE('',(#69),#1669,.T.);
#1790=ADVANCED_FACE('',(#70),#1670,.F.);
#1791=ADVANCED_FACE('',(#71),#1671,.T.);
#1792=ADVANCED_FACE('',(#72),#1672,.F.);
#1793=ADVANCED_FACE('',(#73),#1673,.F.);
#1794=ADVANCED_FACE('',(#74),#1674,.F.);
#1795=ADVANCED_FACE('',(#75),#1675,.F.);
#1796=ADVANCED_FACE('',(#76),#1676,.T.);
#1797=ADVANCED_FACE('',(#77),#1677,.T.);
#1798=ADVANCED_FACE('',(#78),#1678,.F.);
#1799=ADVANCED_FACE('',(#79),#1679,.F.);
#1800=ADVANCED_FACE('',(#80),#1680,.F.);
#1801=ADVANCED_FACE('',(#81),#1681,.F.);
#1802=ADVANCED_FACE('',(#82),#1682,.T.);
#1803=ADVANCED_FACE('',(#83),#1683,.T.);
#1804=ADVANCED_FACE('',(#84),#1684,.F.);
#1805=ADVANCED_FACE('',(#85),#1685,.F.);
#1806=ADVANCED_FACE('',(#86),#1686,.F.);
#1807=ADVANCED_FACE('',(#87),#1687,.F.);
#1808=ADVANCED_FACE('',(#88),#1688,.T.);
#1809=ADVANCED_FACE('',(#89),#1689,.T.);
#1810=ADVANCED_FACE('',(#90),#1690,.F.);
#1811=ADVANCED_FACE('',(#91),#1691,.F.);
#1812=ADVANCED_FACE('',(#92),#1692,.F.);
#1813=ADVANCED_FACE('',(#93),#1693,.F.);
#1814=ADVANCED_FACE('',(#94),#1694,.T.);
#1815=ADVANCED_FACE('',(#95),#1695,.T.);
#1816=ADVANCED_FACE('',(#96),#1696,.T.);
#1817=ADVANCED_FACE('',(#97),#1697,.T.);
#1818=ADVANCED_FACE('',(#98),#1698,.T.);
#1819=ADVANCED_FACE('',(#99),#1699,.T.);
#1820=ADVANCED_FACE('',(#100),#1700,.F.);
#1821=ADVANCED_FACE('',(#101),#1701,.T.);
#1822=ADVANCED_FACE('',(#102),#1702,.T.);
#1823=ADVANCED_FACE('',(#103),#1703,.T.);
#1824=ADVANCED_FACE('',(#104),#1704,.T.);
#1825=ADVANCED_FACE('',(#105),#1705,.T.);
#1826=ADVANCED_FACE('',(#106),#1706,.F.);
#1827=ADVANCED_FACE('',(#107),#1707,.T.);
#1828=ADVANCED_FACE('',(#108),#1708,.T.);
#1829=ADVANCED_FACE('',(#109),#1709,.T.);
#1830=ADVANCED_FACE('',(#110),#1710,.T.);
#1831=ADVANCED_FACE('',(#111),#1711,.T.);
#1832=ADVANCED_FACE('',(#112),#1712,.F.);
#1833=ADVANCED_FACE('',(#113),#1713,.F.);
#1834=ADVANCED_FACE('',(#114),#1714,.F.);
#1835=ADVANCED_FACE('',(#115),#1715,.F.);
#1836=ADVANCED_FACE('',(#116),#1716,.F.);
#1837=ADVANCED_FACE('',(#117),#1717,.F.);
#1838=ADVANCED_FACE('',(#118),#1718,.T.);
#1839=ADVANCED_FACE('',(#119),#1719,.T.);
#1840=ADVANCED_FACE('',(#120),#1720,.T.);
#1841=ADVANCED_FACE('',(#121),#1721,.T.);
#1842=ADVANCED_FACE('',(#122),#1722,.T.);
#1843=ADVANCED_FACE('',(#123),#1723,.T.);
#1844=ADVANCED_FACE('',(#124),#1724,.F.);
#1845=ADVANCED_FACE('',(#125),#1725,.F.);
#1846=ADVANCED_FACE('',(#126),#1726,.F.);
#1847=ADVANCED_FACE('',(#127),#1727,.F.);
#1848=ADVANCED_FACE('',(#128),#1728,.F.);
#1849=ADVANCED_FACE('',(#129),#1729,.F.);
#1850=ADVANCED_FACE('',(#130),#1730,.T.);
#1851=ADVANCED_FACE('',(#131),#1731,.T.);
#1852=ADVANCED_FACE('',(#132),#1732,.T.);
#1853=ADVANCED_FACE('',(#133),#1733,.T.);
#1854=ADVANCED_FACE('',(#134),#1734,.T.);
#1855=ADVANCED_FACE('',(#135),#1735,.T.);
#1856=ADVANCED_FACE('',(#136),#1736,.F.);
#1857=ADVANCED_FACE('',(#137),#1737,.T.);
#1858=ADVANCED_FACE('',(#138),#1738,.T.);
#1859=ADVANCED_FACE('',(#139),#1739,.T.);
#1860=ADVANCED_FACE('',(#140),#1740,.T.);
#1861=ADVANCED_FACE('',(#141),#1741,.T.);
#1862=ADVANCED_FACE('',(#142),#1742,.F.);
#1863=ADVANCED_FACE('',(#143),#1743,.T.);
#1864=ADVANCED_FACE('',(#144),#1744,.T.);
#1865=ADVANCED_FACE('',(#145),#1745,.T.);
#1866=ADVANCED_FACE('',(#146),#1746,.T.);
#1867=ADVANCED_FACE('',(#147),#1747,.T.);
#1868=ADVANCED_FACE('',(#148),#1748,.F.);
#1869=ADVANCED_FACE('',(#149),#1749,.T.);
#1870=ADVANCED_FACE('',(#150),#1750,.T.);
#1871=ADVANCED_FACE('',(#151),#1751,.T.);
#1872=ADVANCED_FACE('',(#152),#1752,.T.);
#1873=ADVANCED_FACE('',(#153),#1753,.T.);
#1874=ADVANCED_FACE('',(#154),#1754,.F.);
#1875=ADVANCED_FACE('',(#155),#1755,.F.);
#1876=ADVANCED_FACE('',(#156),#1756,.F.);
#1877=ADVANCED_FACE('',(#157),#1757,.F.);
#1878=ADVANCED_FACE('',(#158),#1758,.F.);
#1879=ADVANCED_FACE('',(#159),#1759,.F.);
#1880=ADVANCED_FACE('',(#160),#1760,.T.);
#1881=ADVANCED_FACE('',(#161),#1761,.T.);
#1882=ADVANCED_FACE('',(#162),#1762,.T.);
#1883=ADVANCED_FACE('',(#163),#1763,.T.);
#1884=ADVANCED_FACE('',(#164),#1764,.T.);
#1885=ADVANCED_FACE('',(#165),#1765,.T.);
#1886=ADVANCED_FACE('',(#166),#1766,.F.);
#1887=ADVANCED_FACE('',(#167),#1767,.F.);
#1888=ADVANCED_FACE('',(#168),#1768,.F.);
#1889=ADVANCED_FACE('',(#169),#1769,.F.);
#1890=ADVANCED_FACE('',(#170),#1770,.F.);
#1891=ADVANCED_FACE('',(#171),#1771,.F.);
#1892=ADVANCED_FACE('',(#172),#1772,.T.);
#1893=CLOSED_SHELL('',(#1773,#1774,#1775,#1776,#1777,#1778));
#1894=CLOSED_SHELL('',(#1779,#1780,#1781,#1782,#1783,#1784));
#1895=CLOSED_SHELL('',(#1785,#1786,#1787,#1788,#1789,#1790));
#1896=CLOSED_SHELL('',(#1791,#1792,#1793,#1794,#1795,#1796));
#1897=CLOSED_SHELL('',(#1797,#1798,#1799,#1800,#1801,#1802));
#1898=CLOSED_SHELL('',(#1803,#1804,#1805,#1806,#1807,#1808));
#1899=CLOSED_SHELL('',(#1809,#1810,#1811,#1812,#1813,#1814));
#1900=CLOSED_SHELL('',(#1815,#1816,#1817,#1818,#1819,#1820));
#1901=CLOSED_SHELL('',(#1821,#1822,#1823,#1824,#1825,#1826));
#1902=CLOSED_SHELL('',(#1827,#1828,#1829,#1830,#1831,#1832));
#1903=CLOSED_SHELL('',(#1833,#1834,#1835,#1836,#1837,#1838));
#1904=CLOSED_SHELL('',(#1839,#1840,#1841,#1842,#1843,#1844));
#1905=CLOSED_SHELL('',(#1845,#1846,#1847,#1848,#1849,#1850));
#1906=CLOSED_SHELL('',(#1851,#1852,#1853,#1854,#1855,#1856));
#1907=CLOSED_SHELL('',(#1857,#1858,#1859,#1860,#1861,#1862));
#1908=CLOSED_SHELL('',(#1863,#1864,#1865,#1866,#1867,#1868));
#1909=CLOSED_SHELL('',(#1869,#1870,#1871,#1872,#1873,#1874));
#1910=CLOSED_SHELL('',(#1875,#1876,#1877,#1878,#1879,#1880));
#1911=CLOSED_SHELL('',(#1881,#1882,#1883,#1884,#1885,#1886));
#1912=CLOSED_SHELL('',(#1887,#1888,#1889,#1890,#1891,#1892));
#1913=DERIVED_UNIT_ELEMENT(#1915,1.);
#1914=DERIVED_UNIT_ELEMENT(#3054,-3.);
#1915=(
MASS_UNIT()
NAMED_UNIT(*)
SI_UNIT(.KILO.,.GRAM.)
);
#1916=DERIVED_UNIT((#1913,#1914));
#1917=MEASURE_REPRESENTATION_ITEM('density measure',
POSITIVE_RATIO_MEASURE(7850.),#1916);
#1918=PROPERTY_DEFINITION_REPRESENTATION(#1923,#1920);
#1919=PROPERTY_DEFINITION_REPRESENTATION(#1924,#1921);
#1920=REPRESENTATION('material name',(#1922),#3051);
#1921=REPRESENTATION('density',(#1917),#3051);
#1922=DESCRIPTIVE_REPRESENTATION_ITEM('Steel','Steel');
#1923=PROPERTY_DEFINITION('material property','material name',#3061);
#1924=PROPERTY_DEFINITION('material property','density of part',#3061);
#1925=AXIS2_PLACEMENT_3D('',#2528,#2046,#2047);
#1926=AXIS2_PLACEMENT_3D('',#2529,#2048,#2049);
#1927=AXIS2_PLACEMENT_3D('',#2538,#2054,#2055);
#1928=AXIS2_PLACEMENT_3D('',#2544,#2059,#2060);
#1929=AXIS2_PLACEMENT_3D('',#2550,#2064,#2065);
#1930=AXIS2_PLACEMENT_3D('',#2553,#2068,#2069);
#1931=AXIS2_PLACEMENT_3D('',#2554,#2070,#2071);
#1932=AXIS2_PLACEMENT_3D('',#2555,#2072,#2073);
#1933=AXIS2_PLACEMENT_3D('',#2564,#2078,#2079);
#1934=AXIS2_PLACEMENT_3D('',#2570,#2083,#2084);
#1935=AXIS2_PLACEMENT_3D('',#2574,#2087,#2088);
#1936=AXIS2_PLACEMENT_3D('',#2578,#2091,#2092);
#1937=AXIS2_PLACEMENT_3D('',#2580,#2094,#2095);
#1938=AXIS2_PLACEMENT_3D('',#2581,#2096,#2097);
#1939=AXIS2_PLACEMENT_3D('',#2590,#2102,#2103);
#1940=AXIS2_PLACEMENT_3D('',#2596,#2107,#2108);
#1941=AXIS2_PLACEMENT_3D('',#2600,#2111,#2112);
#1942=AXIS2_PLACEMENT_3D('',#2604,#2115,#2116);
#1943=AXIS2_PLACEMENT_3D('',#2606,#2118,#2119);
#1944=AXIS2_PLACEMENT_3D('',#2607,#2120,#2121);
#1945=AXIS2_PLACEMENT_3D('',#2616,#2126,#2127);
#1946=AXIS2_PLACEMENT_3D('',#2622,#2131,#2132);
#1947=AXIS2_PLACEMENT_3D('',#2626,#2135,#2136);
#1948=AXIS2_PLACEMENT_3D('',#2630,#2139,#2140);
#1949=AXIS2_PLACEMENT_3D('',#2632,#2142,#2143);
#1950=AXIS2_PLACEMENT_3D('',#2633,#2144,#2145);
#1951=AXIS2_PLACEMENT_3D('',#2642,#2150,#2151);
#1952=AXIS2_PLACEMENT_3D('',#2648,#2155,#2156);
#1953=AXIS2_PLACEMENT_3D('',#2652,#2159,#2160);
#1954=AXIS2_PLACEMENT_3D('',#2656,#2163,#2164);
#1955=AXIS2_PLACEMENT_3D('',#2658,#2166,#2167);
#1956=AXIS2_PLACEMENT_3D('',#2659,#2168,#2169);
#1957=AXIS2_PLACEMENT_3D('',#2668,#2174,#2175);
#1958=AXIS2_PLACEMENT_3D('',#2674,#2179,#2180);
#1959=AXIS2_PLACEMENT_3D('',#2678,#2183,#2184);
#1960=AXIS2_PLACEMENT_3D('',#2682,#2187,#2188);
#1961=AXIS2_PLACEMENT_3D('',#2684,#2190,#2191);
#1962=AXIS2_PLACEMENT_3D('',#2685,#2192,#2193);
#1963=AXIS2_PLACEMENT_3D('',#2694,#2198,#2199);
#1964=AXIS2_PLACEMENT_3D('',#2700,#2203,#2204);
#1965=AXIS2_PLACEMENT_3D('',#2704,#2207,#2208);
#1966=AXIS2_PLACEMENT_3D('',#2708,#2211,#2212);
#1967=AXIS2_PLACEMENT_3D('',#2710,#2214,#2215);
#1968=AXIS2_PLACEMENT_3D('',#2711,#2216,#2217);
#1969=AXIS2_PLACEMENT_3D('',#2720,#2222,#2223);
#1970=AXIS2_PLACEMENT_3D('',#2726,#2227,#2228);
#1971=AXIS2_PLACEMENT_3D('',#2730,#2231,#2232);
#1972=AXIS2_PLACEMENT_3D('',#2734,#2235,#2236);
#1973=AXIS2_PLACEMENT_3D('',#2736,#2238,#2239);
#1974=AXIS2_PLACEMENT_3D('',#2737,#2240,#2241);
#1975=AXIS2_PLACEMENT_3D('',#2746,#2246,#2247);
#1976=AXIS2_PLACEMENT_3D('',#2752,#2251,#2252);
#1977=AXIS2_PLACEMENT_3D('',#2756,#2255,#2256);
#1978=AXIS2_PLACEMENT_3D('',#2760,#2259,#2260);
#1979=AXIS2_PLACEMENT_3D('',#2762,#2262,#2263);
#1980=AXIS2_PLACEMENT_3D('',#2763,#2264,#2265);
#1981=AXIS2_PLACEMENT_3D('',#2772,#2270,#2271);
#1982=AXIS2_PLACEMENT_3D('',#2778,#2275,#2276);
#1983=AXIS2_PLACEMENT_3D('',#2784,#2280,#2281);
#1984=AXIS2_PLACEMENT_3D('',#2787,#2284,#2285);
#1985=AXIS2_PLACEMENT_3D('',#2788,#2286,#2287);
#1986=AXIS2_PLACEMENT_3D('',#2789,#2288,#2289);
#1987=AXIS2_PLACEMENT_3D('',#2798,#2294,#2295);
#1988=AXIS2_PLACEMENT_3D('',#2804,#2299,#2300);
#1989=AXIS2_PLACEMENT_3D('',#2810,#2304,#2305);
#1990=AXIS2_PLACEMENT_3D('',#2813,#2308,#2309);
#1991=AXIS2_PLACEMENT_3D('',#2814,#2310,#2311);
#1992=AXIS2_PLACEMENT_3D('',#2815,#2312,#2313);
#1993=AXIS2_PLACEMENT_3D('',#2824,#2318,#2319);
#1994=AXIS2_PLACEMENT_3D('',#2830,#2323,#2324);
#1995=AXIS2_PLACEMENT_3D('',#2836,#2328,#2329);
#1996=AXIS2_PLACEMENT_3D('',#2839,#2332,#2333);
#1997=AXIS2_PLACEMENT_3D('',#2840,#2334,#2335);
#1998=AXIS2_PLACEMENT_3D('',#2841,#2336,#2337);
#1999=AXIS2_PLACEMENT_3D('',#2850,#2342,#2343);
#2000=AXIS2_PLACEMENT_3D('',#2856,#2347,#2348);
#2001=AXIS2_PLACEMENT_3D('',#2862,#2352,#2353);
#2002=AXIS2_PLACEMENT_3D('',#2865,#2356,#2357);
#2003=AXIS2_PLACEMENT_3D('',#2866,#2358,#2359);
#2004=AXIS2_PLACEMENT_3D('',#2867,#2360,#2361);
#2005=AXIS2_PLACEMENT_3D('',#2876,#2366,#2367);
#2006=AXIS2_PLACEMENT_3D('',#2882,#2371,#2372);
#2007=AXIS2_PLACEMENT_3D('',#2888,#2376,#2377);
#2008=AXIS2_PLACEMENT_3D('',#2891,#2380,#2381);
#2009=AXIS2_PLACEMENT_3D('',#2892,#2382,#2383);
#2010=AXIS2_PLACEMENT_3D('',#2893,#2384,#2385);
#2011=AXIS2_PLACEMENT_3D('',#2902,#2390,#2391);
#2012=AXIS2_PLACEMENT_3D('',#2908,#2395,#2396);
#2013=AXIS2_PLACEMENT_3D('',#2914,#2400,#2401);
#2014=AXIS2_PLACEMENT_3D('',#2917,#2404,#2405);
#2015=AXIS2_PLACEMENT_3D('',#2918,#2406,#2407);
#2016=AXIS2_PLACEMENT_3D('',#2919,#2408,#2409);
#2017=AXIS2_PLACEMENT_3D('',#2928,#2414,#2415);
#2018=AXIS2_PLACEMENT_3D('',#2934,#2419,#2420);
#2019=AXIS2_PLACEMENT_3D('',#2940,#2424,#2425);
#2020=AXIS2_PLACEMENT_3D('',#2943,#2428,#2429);
#2021=AXIS2_PLACEMENT_3D('',#2944,#2430,#2431);
#2022=AXIS2_PLACEMENT_3D('',#2945,#2432,#2433);
#2023=AXIS2_PLACEMENT_3D('',#2954,#2438,#2439);
#2024=AXIS2_PLACEMENT_3D('',#2960,#2443,#2444);
#2025=AXIS2_PLACEMENT_3D('',#2966,#2448,#2449);
#2026=AXIS2_PLACEMENT_3D('',#2969,#2452,#2453);
#2027=AXIS2_PLACEMENT_3D('',#2970,#2454,#2455);
#2028=AXIS2_PLACEMENT_3D('',#2971,#2456,#2457);
#2029=AXIS2_PLACEMENT_3D('',#2980,#2462,#2463);
#2030=AXIS2_PLACEMENT_3D('',#2986,#2467,#2468);
#2031=AXIS2_PLACEMENT_3D('',#2992,#2472,#2473);
#2032=AXIS2_PLACEMENT_3D('',#2995,#2476,#2477);
#2033=AXIS2_PLACEMENT_3D('',#2996,#2478,#2479);
#2034=AXIS2_PLACEMENT_3D('',#2997,#2480,#2481);
#2035=AXIS2_PLACEMENT_3D('',#3006,#2486,#2487);
#2036=AXIS2_PLACEMENT_3D('',#3012,#2491,#2492);
#2037=AXIS2_PLACEMENT_3D('',#3018,#2496,#2497);
#2038=AXIS2_PLACEMENT_3D('',#3021,#2500,#2501);
#2039=AXIS2_PLACEMENT_3D('',#3022,#2502,#2503);
#2040=AXIS2_PLACEMENT_3D('',#3023,#2504,#2505);
#2041=AXIS2_PLACEMENT_3D('',#3032,#2510,#2511);
#2042=AXIS2_PLACEMENT_3D('',#3038,#2515,#2516);
#2043=AXIS2_PLACEMENT_3D('',#3044,#2520,#2521);
#2044=AXIS2_PLACEMENT_3D('',#3047,#2524,#2525);
#2045=AXIS2_PLACEMENT_3D('',#3048,#2526,#2527);
#2046=DIRECTION('axis',(0.,0.,1.));
#2047=DIRECTION('refdir',(1.,0.,0.));
#2048=DIRECTION('center_axis',(1.,0.,0.));
#2049=DIRECTION('ref_axis',(0.,1.,0.));
#2050=DIRECTION('',(0.,-1.,0.));
#2051=DIRECTION('',(0.,0.,1.));
#2052=DIRECTION('',(0.,1.,0.));
#2053=DIRECTION('',(0.,0.,1.));
#2054=DIRECTION('center_axis',(0.,-1.,0.));
#2055=DIRECTION('ref_axis',(1.,0.,0.));
#2056=DIRECTION('',(-1.,0.,0.));
#2057=DIRECTION('',(1.,0.,0.));
#2058=DIRECTION('',(0.,0.,1.));
#2059=DIRECTION('center_axis',(-1.,-1.3987061727561E-16,0.));
#2060=DIRECTION('ref_axis',(1.3987061727561E-16,-1.,0.));
#2061=DIRECTION('',(-1.3987061727561E-16,1.,0.));
#2062=DIRECTION('',(1.3987061727561E-16,-1.,0.));
#2063=DIRECTION('',(0.,0.,1.));
#2064=DIRECTION('center_axis',(0.,1.,0.));
#2065=DIRECTION('ref_axis',(-1.,0.,0.));
#2066=DIRECTION('',(1.,0.,0.));
#2067=DIRECTION('',(-1.,0.,0.));
#2068=DIRECTION('center_axis',(0.,0.,1.));
#2069=DIRECTION('ref_axis',(1.,0.,0.));
#2070=DIRECTION('center_axis',(0.,0.,1.));
#2071=DIRECTION('ref_axis',(1.,0.,0.));
#2072=DIRECTION('center_axis',(0.,0.,1.));
#2073=DIRECTION('ref_axis',(-1.,0.,0.));
#2074=DIRECTION('',(1.,0.,0.));
#2075=DIRECTION('',(0.,1.,0.));
#2076=DIRECTION('',(-1.,0.,0.));
#2077=DIRECTION('',(0.,-1.,0.));
#2078=DIRECTION('center_axis',(0.,-1.,0.));
#2079=DIRECTION('ref_axis',(1.,0.,0.));
#2080=DIRECTION('',(0.,0.,1.));
#2081=DIRECTION('',(1.,0.,0.));
#2082=DIRECTION('',(0.,0.,1.));
#2083=DIRECTION('center_axis',(-1.,0.,0.));
#2084=DIRECTION('ref_axis',(0.,-1.,0.));
#2085=DIRECTION('',(0.,0.,1.));
#2086=DIRECTION('',(0.,-1.,0.));
#2087=DIRECTION('center_axis',(0.,1.,0.));
#2088=DIRECTION('ref_axis',(-1.,0.,0.));
#2089=DIRECTION('',(0.,0.,1.));
#2090=DIRECTION('',(-1.,0.,0.));
#2091=DIRECTION('center_axis',(1.,0.,0.));
#2092=DIRECTION('ref_axis',(0.,1.,0.));
#2093=DIRECTION('',(0.,1.,0.));
#2094=DIRECTION('center_axis',(0.,0.,1.));
#2095=DIRECTION('ref_axis',(-1.,0.,0.));
#2096=DIRECTION('center_axis',(0.,0.,1.));
#2097=DIRECTION('ref_axis',(-1.,0.,0.));
#2098=DIRECTION('',(0.,-1.,0.));
#2099=DIRECTION('',(1.,0.,0.));
#2100=DIRECTION('',(0.,1.,0.));
#2101=DIRECTION('',(-1.,0.,0.));
#2102=DIRECTION('center_axis',(-1.,0.,0.));
#2103=DIRECTION('ref_axis',(0.,-1.,0.));
#2104=DIRECTION('',(0.,0.,1.));
#2105=DIRECTION('',(0.,1.,0.));
#2106=DIRECTION('',(0.,0.,1.));
#2107=DIRECTION('center_axis',(0.,1.,0.));
#2108=DIRECTION('ref_axis',(-1.,0.,0.));
#2109=DIRECTION('',(0.,0.,1.));
#2110=DIRECTION('',(1.,0.,0.));
#2111=DIRECTION('center_axis',(1.,0.,0.));
#2112=DIRECTION('ref_axis',(0.,1.,0.));
#2113=DIRECTION('',(0.,0.,1.));
#2114=DIRECTION('',(0.,-1.,0.));
#2115=DIRECTION('center_axis',(0.,-1.,0.));
#2116=DIRECTION('ref_axis',(1.,0.,0.));
#2117=DIRECTION('',(-1.,0.,0.));
#2118=DIRECTION('center_axis',(0.,0.,1.));
#2119=DIRECTION('ref_axis',(-1.,0.,0.));
#2120=DIRECTION('center_axis',(0.,0.,1.));
#2121=DIRECTION('ref_axis',(-1.,0.,0.));
#2122=DIRECTION('',(-1.,0.,0.));
#2123=DIRECTION('',(0.,-1.,0.));
#2124=DIRECTION('',(1.,0.,0.));
#2125=DIRECTION('',(0.,1.,0.));
#2126=DIRECTION('center_axis',(0.,-1.,0.));
#2127=DIRECTION('ref_axis',(1.,0.,0.));
#2128=DIRECTION('',(0.,0.,1.));
#2129=DIRECTION('',(1.,0.,0.));
#2130=DIRECTION('',(0.,0.,1.));
#2131=DIRECTION('center_axis',(-1.,0.,0.));
#2132=DIRECTION('ref_axis',(0.,-1.,0.));
#2133=DIRECTION('',(0.,0.,1.));
#2134=DIRECTION('',(0.,-1.,0.));
#2135=DIRECTION('center_axis',(0.,1.,0.));
#2136=DIRECTION('ref_axis',(-1.,0.,0.));
#2137=DIRECTION('',(0.,0.,1.));
#2138=DIRECTION('',(-1.,0.,0.));
#2139=DIRECTION('center_axis',(1.,0.,0.));
#2140=DIRECTION('ref_axis',(0.,1.,0.));
#2141=DIRECTION('',(0.,1.,0.));
#2142=DIRECTION('center_axis',(0.,0.,-1.));
#2143=DIRECTION('ref_axis',(-1.,0.,0.));
#2144=DIRECTION('center_axis',(0.,0.,1.));
#2145=DIRECTION('ref_axis',(-1.,0.,0.));
#2146=DIRECTION('',(0.,-1.,0.));
#2147=DIRECTION('',(1.,0.,0.));
#2148=DIRECTION('',(0.,1.,0.));
#2149=DIRECTION('',(-1.,0.,0.));
#2150=DIRECTION('center_axis',(1.,0.,0.));
#2151=DIRECTION('ref_axis',(0.,1.,0.));
#2152=DIRECTION('',(0.,0.,1.));
#2153=DIRECTION('',(0.,-1.,0.));
#2154=DIRECTION('',(0.,0.,1.));
#2155=DIRECTION('center_axis',(0.,-1.,0.));
#2156=DIRECTION('ref_axis',(1.,0.,0.));
#2157=DIRECTION('',(0.,0.,1.));
#2158=DIRECTION('',(-1.,0.,0.));
#2159=DIRECTION('center_axis',(-1.,0.,0.));
#2160=DIRECTION('ref_axis',(0.,-1.,0.));
#2161=DIRECTION('',(0.,0.,1.));
#2162=DIRECTION('',(0.,1.,0.));
#2163=DIRECTION('center_axis',(0.,1.,0.));
#2164=DIRECTION('ref_axis',(-1.,0.,0.));
#2165=DIRECTION('',(1.,0.,0.));
#2166=DIRECTION('center_axis',(0.,0.,-1.));
#2167=DIRECTION('ref_axis',(-1.,0.,0.));
#2168=DIRECTION('center_axis',(0.,0.,1.));
#2169=DIRECTION('ref_axis',(-1.,0.,0.));
#2170=DIRECTION('',(1.,0.,0.));
#2171=DIRECTION('',(0.,1.,0.));
#2172=DIRECTION('',(-1.,0.,0.));
#2173=DIRECTION('',(0.,-1.,0.));
#2174=DIRECTION('center_axis',(0.,1.,0.));
#2175=DIRECTION('ref_axis',(-1.,0.,0.));
#2176=DIRECTION('',(0.,0.,1.));
#2177=DIRECTION('',(-1.,0.,0.));
#2178=DIRECTION('',(0.,0.,1.));
#2179=DIRECTION('center_axis',(1.,0.,0.));
#2180=DIRECTION('ref_axis',(0.,1.,0.));
#2181=DIRECTION('',(0.,0.,1.));
#2182=DIRECTION('',(0.,1.,0.));
#2183=DIRECTION('center_axis',(0.,-1.,0.));
#2184=DIRECTION('ref_axis',(1.,0.,0.));
#2185=DIRECTION('',(0.,0.,1.));
#2186=DIRECTION('',(1.,0.,0.));
#2187=DIRECTION('center_axis',(-1.,0.,0.));
#2188=DIRECTION('ref_axis',(0.,-1.,0.));
#2189=DIRECTION('',(0.,-1.,0.));
#2190=DIRECTION('center_axis',(0.,0.,-1.));
#2191=DIRECTION('ref_axis',(1.,0.,0.));
#2192=DIRECTION('center_axis',(0.,0.,1.));
#2193=DIRECTION('ref_axis',(-1.,0.,0.));
#2194=DIRECTION('',(0.,1.,0.));
#2195=DIRECTION('',(-1.,0.,0.));
#2196=DIRECTION('',(0.,-1.,0.));
#2197=DIRECTION('',(1.,0.,0.));
#2198=DIRECTION('center_axis',(-1.,0.,0.));
#2199=DIRECTION('ref_axis',(0.,-1.,0.));
#2200=DIRECTION('',(0.,0.,1.));
#2201=DIRECTION('',(0.,1.,0.));
#2202=DIRECTION('',(0.,0.,1.));
#2203=DIRECTION('center_axis',(0.,1.,0.));
#2204=DIRECTION('ref_axis',(-1.,0.,0.));
#2205=DIRECTION('',(0.,0.,1.));
#2206=DIRECTION('',(1.,0.,0.));
#2207=DIRECTION('center_axis',(1.,0.,0.));
#2208=DIRECTION('ref_axis',(0.,1.,0.));
#2209=DIRECTION('',(0.,0.,1.));
#2210=DIRECTION('',(0.,-1.,0.));
#2211=DIRECTION('center_axis',(0.,-1.,0.));
#2212=DIRECTION('ref_axis',(1.,0.,0.));
#2213=DIRECTION('',(-1.,0.,0.));
#2214=DIRECTION('center_axis',(0.,0.,-1.));
#2215=DIRECTION('ref_axis',(1.,0.,0.));
#2216=DIRECTION('center_axis',(0.,0.,1.));
#2217=DIRECTION('ref_axis',(-1.,0.,0.));
#2218=DIRECTION('',(-1.,0.,0.));
#2219=DIRECTION('',(0.,-1.,0.));
#2220=DIRECTION('',(1.,0.,0.));
#2221=DIRECTION('',(0.,1.,0.));
#2222=DIRECTION('center_axis',(0.,1.,0.));
#2223=DIRECTION('ref_axis',(-1.,0.,0.));
#2224=DIRECTION('',(0.,0.,1.));
#2225=DIRECTION('',(-1.,0.,0.));
#2226=DIRECTION('',(0.,0.,1.));
#2227=DIRECTION('center_axis',(1.,0.,0.));
#2228=DIRECTION('ref_axis',(0.,1.,0.));
#2229=DIRECTION('',(0.,0.,1.));
#2230=DIRECTION('',(0.,1.,0.));
#2231=DIRECTION('center_axis',(0.,-1.,0.));
#2232=DIRECTION('ref_axis',(1.,0.,0.));
#2233=DIRECTION('',(0.,0.,1.));
#2234=DIRECTION('',(1.,0.,0.));
#2235=DIRECTION('center_axis',(-1.,0.,0.));
#2236=DIRECTION('ref_axis',(0.,-1.,0.));
#2237=DIRECTION('',(0.,-1.,0.));
#2238=DIRECTION('center_axis',(0.,0.,1.));
#2239=DIRECTION('ref_axis',(1.,0.,0.));
#2240=DIRECTION('center_axis',(0.,0.,1.));
#2241=DIRECTION('ref_axis',(-1.,0.,0.));
#2242=DIRECTION('',(0.,1.,0.));
#2243=DIRECTION('',(-1.,0.,0.));
#2244=DIRECTION('',(0.,-1.,0.));
#2245=DIRECTION('',(1.,0.,0.));
#2246=DIRECTION('center_axis',(1.,0.,0.));
#2247=DIRECTION('ref_axis',(0.,1.,0.));
#2248=DIRECTION('',(0.,0.,1.));
#2249=DIRECTION('',(0.,-1.,0.));
#2250=DIRECTION('',(0.,0.,1.));
#2251=DIRECTION('center_axis',(0.,-1.,0.));
#2252=DIRECTION('ref_axis',(1.,0.,0.));
#2253=DIRECTION('',(0.,0.,1.));
#2254=DIRECTION('',(-1.,0.,0.));
#2255=DIRECTION('center_axis',(-1.,0.,0.));
#2256=DIRECTION('ref_axis',(0.,-1.,0.));
#2257=DIRECTION('',(0.,0.,1.));
#2258=DIRECTION('',(0.,1.,0.));
#2259=DIRECTION('center_axis',(0.,1.,0.));
#2260=DIRECTION('ref_axis',(-1.,0.,0.));
#2261=DIRECTION('',(1.,0.,0.));
#2262=DIRECTION('center_axis',(0.,0.,1.));
#2263=DIRECTION('ref_axis',(1.,0.,0.));
#2264=DIRECTION('center_axis',(1.,0.,0.));
#2265=DIRECTION('ref_axis',(0.,1.,0.));
#2266=DIRECTION('',(0.,-1.,0.));
#2267=DIRECTION('',(0.,0.,1.));
#2268=DIRECTION('',(0.,1.,0.));
#2269=DIRECTION('',(0.,0.,1.));
#2270=DIRECTION('center_axis',(0.,-1.,0.));
#2271=DIRECTION('ref_axis',(1.,0.,0.));
#2272=DIRECTION('',(-1.,0.,0.));
#2273=DIRECTION('',(1.,0.,0.));
#2274=DIRECTION('',(0.,0.,1.));
#2275=DIRECTION('center_axis',(-1.,0.,0.));
#2276=DIRECTION('ref_axis',(0.,-1.,0.));
#2277=DIRECTION('',(0.,-1.,0.));
#2278=DIRECTION('',(0.,-1.,0.));
#2279=DIRECTION('',(0.,0.,1.));
#2280=DIRECTION('center_axis',(0.,1.,0.));
#2281=DIRECTION('ref_axis',(-1.,0.,0.));
#2282=DIRECTION('',(-1.,0.,0.));
#2283=DIRECTION('',(-1.,0.,0.));
#2284=DIRECTION('center_axis',(0.,0.,1.));
#2285=DIRECTION('ref_axis',(1.,0.,0.));
#2286=DIRECTION('center_axis',(0.,0.,1.));
#2287=DIRECTION('ref_axis',(-1.,0.,0.));
#2288=DIRECTION('center_axis',(-1.,0.,0.));
#2289=DIRECTION('ref_axis',(0.,-1.,0.));
#2290=DIRECTION('',(0.,1.,0.));
#2291=DIRECTION('',(0.,0.,1.));
#2292=DIRECTION('',(0.,-1.,0.));
#2293=DIRECTION('',(0.,0.,1.));
#2294=DIRECTION('center_axis',(0.,-1.,0.));
#2295=DIRECTION('ref_axis',(1.,0.,0.));
#2296=DIRECTION('',(-1.,0.,0.));
#2297=DIRECTION('',(0.,0.,1.));
#2298=DIRECTION('',(1.,0.,0.));
#2299=DIRECTION('center_axis',(1.,0.,0.));
#2300=DIRECTION('ref_axis',(0.,1.,0.));
#2301=DIRECTION('',(0.,1.,0.));
#2302=DIRECTION('',(0.,0.,1.));
#2303=DIRECTION('',(0.,1.,0.));
#2304=DIRECTION('center_axis',(0.,1.,0.));
#2305=DIRECTION('ref_axis',(-1.,0.,0.));
#2306=DIRECTION('',(-1.,0.,0.));
#2307=DIRECTION('',(-1.,0.,0.));
#2308=DIRECTION('center_axis',(0.,0.,-1.));
#2309=DIRECTION('ref_axis',(1.,0.,0.));
#2310=DIRECTION('center_axis',(0.,0.,-1.));
#2311=DIRECTION('ref_axis',(-1.,0.,0.));
#2312=DIRECTION('center_axis',(0.,1.,0.));
#2313=DIRECTION('ref_axis',(-1.,0.,0.));
#2314=DIRECTION('',(1.,0.,0.));
#2315=DIRECTION('',(0.,0.,1.));
#2316=DIRECTION('',(-1.,0.,0.));
#2317=DIRECTION('',(0.,0.,1.));
#2318=DIRECTION('center_axis',(1.,0.,0.));
#2319=DIRECTION('ref_axis',(0.,1.,0.));
#2320=DIRECTION('',(0.,-1.,0.));
#2321=DIRECTION('',(0.,1.,0.));
#2322=DIRECTION('',(0.,0.,1.));
#2323=DIRECTION('center_axis',(0.,-1.,0.));
#2324=DIRECTION('ref_axis',(1.,0.,0.));
#2325=DIRECTION('',(1.,0.,0.));
#2326=DIRECTION('',(1.,0.,0.));
#2327=DIRECTION('',(0.,0.,1.));
#2328=DIRECTION('center_axis',(-1.,0.,0.));
#2329=DIRECTION('ref_axis',(0.,-1.,0.));
#2330=DIRECTION('',(0.,-1.,0.));
#2331=DIRECTION('',(0.,-1.,0.));
#2332=DIRECTION('center_axis',(0.,0.,1.));
#2333=DIRECTION('ref_axis',(1.,0.,0.));
#2334=DIRECTION('center_axis',(0.,0.,1.));
#2335=DIRECTION('ref_axis',(-1.,0.,0.));
#2336=DIRECTION('center_axis',(0.,-1.,0.));
#2337=DIRECTION('ref_axis',(1.,0.,0.));
#2338=DIRECTION('',(-1.,0.,0.));
#2339=DIRECTION('',(0.,0.,1.));
#2340=DIRECTION('',(1.,0.,0.));
#2341=DIRECTION('',(0.,0.,1.));
#2342=DIRECTION('center_axis',(1.,0.,0.));
#2343=DIRECTION('ref_axis',(0.,1.,0.));
#2344=DIRECTION('',(0.,-1.,0.));
#2345=DIRECTION('',(0.,0.,1.));
#2346=DIRECTION('',(0.,1.,0.));
#2347=DIRECTION('center_axis',(0.,1.,0.));
#2348=DIRECTION('ref_axis',(-1.,0.,0.));
#2349=DIRECTION('',(-1.,0.,0.));
#2350=DIRECTION('',(0.,0.,1.));
#2351=DIRECTION('',(-1.,0.,0.));
#2352=DIRECTION('center_axis',(-1.,0.,0.));
#2353=DIRECTION('ref_axis',(0.,-1.,0.));
#2354=DIRECTION('',(0.,-1.,0.));
#2355=DIRECTION('',(0.,-1.,0.));
#2356=DIRECTION('center_axis',(0.,0.,-1.));
#2357=DIRECTION('ref_axis',(-1.,0.,0.));
#2358=DIRECTION('center_axis',(0.,0.,-1.));
#2359=DIRECTION('ref_axis',(1.,0.,0.));
#2360=DIRECTION('center_axis',(1.,0.,0.));
#2361=DIRECTION('ref_axis',(0.,1.,0.));
#2362=DIRECTION('',(0.,1.,0.));
#2363=DIRECTION('',(0.,0.,1.));
#2364=DIRECTION('',(0.,1.,0.));
#2365=DIRECTION('',(0.,0.,1.));
#2366=DIRECTION('center_axis',(-2.52252211502835E-15,-1.,0.));
#2367=DIRECTION('ref_axis',(1.,-2.52252211502835E-15,0.));
#2368=DIRECTION('',(-1.,2.52252211502835E-15,0.));
#2369=DIRECTION('',(1.,-2.52252211502835E-15,0.));
#2370=DIRECTION('',(0.,0.,1.));
#2371=DIRECTION('center_axis',(-1.,0.,0.));
#2372=DIRECTION('ref_axis',(0.,-1.,0.));
#2373=DIRECTION('',(0.,-1.,0.));
#2374=DIRECTION('',(0.,-1.,0.));
#2375=DIRECTION('',(0.,0.,1.));
#2376=DIRECTION('center_axis',(0.,1.,0.));
#2377=DIRECTION('ref_axis',(-1.,0.,0.));
#2378=DIRECTION('',(1.,0.,0.));
#2379=DIRECTION('',(-1.,0.,0.));
#2380=DIRECTION('center_axis',(0.,0.,1.));
#2381=DIRECTION('ref_axis',(1.,0.,0.));
#2382=DIRECTION('center_axis',(0.,0.,1.));
#2383=DIRECTION('ref_axis',(-1.,0.,0.));
#2384=DIRECTION('center_axis',(-1.,-1.3319375919168E-16,0.));
#2385=DIRECTION('ref_axis',(1.3319375919168E-16,-1.,0.));
#2386=DIRECTION('',(-1.3319375919168E-16,1.,0.));
#2387=DIRECTION('',(0.,0.,1.));
#2388=DIRECTION('',(1.3319375919168E-16,-1.,0.));
#2389=DIRECTION('',(0.,0.,1.));
#2390=DIRECTION('center_axis',(0.,1.,0.));
#2391=DIRECTION('ref_axis',(-1.,0.,0.));
#2392=DIRECTION('',(1.,0.,0.));
#2393=DIRECTION('',(-1.,0.,0.));
#2394=DIRECTION('',(0.,0.,1.));
#2395=DIRECTION('center_axis',(1.,0.,0.));
#2396=DIRECTION('ref_axis',(0.,1.,0.));
#2397=DIRECTION('',(0.,-1.,0.));
#2398=DIRECTION('',(0.,1.,0.));
#2399=DIRECTION('',(0.,0.,1.));
#2400=DIRECTION('center_axis',(0.,-1.,0.));
#2401=DIRECTION('ref_axis',(1.,0.,0.));
#2402=DIRECTION('',(-1.,0.,0.));
#2403=DIRECTION('',(1.,0.,0.));
#2404=DIRECTION('center_axis',(0.,0.,1.));
#2405=DIRECTION('ref_axis',(1.,0.,0.));
#2406=DIRECTION('center_axis',(0.,0.,1.));
#2407=DIRECTION('ref_axis',(-1.,0.,0.));
#2408=DIRECTION('center_axis',(-1.,0.,0.));
#2409=DIRECTION('ref_axis',(0.,-1.,0.));
#2410=DIRECTION('',(0.,1.,0.));
#2411=DIRECTION('',(0.,0.,1.));
#2412=DIRECTION('',(0.,-1.,0.));
#2413=DIRECTION('',(0.,0.,1.));
#2414=DIRECTION('center_axis',(0.,1.,0.));
#2415=DIRECTION('ref_axis',(-1.,0.,0.));
#2416=DIRECTION('',(1.,0.,0.));
#2417=DIRECTION('',(-1.,0.,0.));
#2418=DIRECTION('',(0.,0.,1.));
#2419=DIRECTION('center_axis',(1.,0.,0.));
#2420=DIRECTION('ref_axis',(0.,1.,0.));
#2421=DIRECTION('',(0.,-1.,0.));
#2422=DIRECTION('',(0.,1.,0.));
#2423=DIRECTION('',(0.,0.,1.));
#2424=DIRECTION('center_axis',(0.,-1.,0.));
#2425=DIRECTION('ref_axis',(1.,0.,0.));
#2426=DIRECTION('',(-1.,0.,0.));
#2427=DIRECTION('',(1.,0.,0.));
#2428=DIRECTION('center_axis',(0.,0.,1.));
#2429=DIRECTION('ref_axis',(1.,0.,0.));
#2430=DIRECTION('center_axis',(0.,0.,1.));
#2431=DIRECTION('ref_axis',(-1.,0.,0.));
#2432=DIRECTION('center_axis',(-1.,0.,0.));
#2433=DIRECTION('ref_axis',(0.,1.,0.));
#2434=DIRECTION('',(0.,-1.,0.));
#2435=DIRECTION('',(0.,0.,-1.));
#2436=DIRECTION('',(0.,1.,0.));
#2437=DIRECTION('',(0.,0.,-1.));
#2438=DIRECTION('center_axis',(0.,-1.,0.));
#2439=DIRECTION('ref_axis',(-1.,0.,0.));
#2440=DIRECTION('',(1.,0.,0.));
#2441=DIRECTION('',(-1.,0.,0.));
#2442=DIRECTION('',(0.,0.,-1.));
#2443=DIRECTION('center_axis',(1.,0.,0.));
#2444=DIRECTION('ref_axis',(0.,-1.,0.));
#2445=DIRECTION('',(0.,1.,0.));
#2446=DIRECTION('',(0.,-1.,0.));
#2447=DIRECTION('',(0.,0.,-1.));
#2448=DIRECTION('center_axis',(0.,1.,0.));
#2449=DIRECTION('ref_axis',(1.,0.,0.));
#2450=DIRECTION('',(-1.,0.,0.));
#2451=DIRECTION('',(1.,0.,0.));
#2452=DIRECTION('center_axis',(0.,0.,-1.));
#2453=DIRECTION('ref_axis',(-1.,0.,0.));
#2454=DIRECTION('center_axis',(0.,0.,-1.));
#2455=DIRECTION('ref_axis',(1.,0.,0.));
#2456=DIRECTION('center_axis',(1.,0.,0.));
#2457=DIRECTION('ref_axis',(0.,-1.,0.));
#2458=DIRECTION('',(0.,1.,0.));
#2459=DIRECTION('',(0.,0.,-1.));
#2460=DIRECTION('',(0.,-1.,0.));
#2461=DIRECTION('',(0.,0.,-1.));
#2462=DIRECTION('center_axis',(0.,-1.,0.));
#2463=DIRECTION('ref_axis',(-1.,0.,0.));
#2464=DIRECTION('',(1.,0.,0.));
#2465=DIRECTION('',(0.,0.,-1.));
#2466=DIRECTION('',(-1.,0.,0.));
#2467=DIRECTION('center_axis',(-1.,0.,0.));
#2468=DIRECTION('ref_axis',(0.,1.,0.));
#2469=DIRECTION('',(0.,-1.,0.));
#2470=DIRECTION('',(0.,0.,-1.));
#2471=DIRECTION('',(0.,1.,0.));
#2472=DIRECTION('center_axis',(0.,1.,0.));
#2473=DIRECTION('ref_axis',(1.,0.,0.));
#2474=DIRECTION('',(-1.,0.,0.));
#2475=DIRECTION('',(1.,0.,0.));
#2476=DIRECTION('center_axis',(0.,0.,1.));
#2477=DIRECTION('ref_axis',(-1.,0.,0.));
#2478=DIRECTION('center_axis',(0.,0.,1.));
#2479=DIRECTION('ref_axis',(1.,0.,0.));
#2480=DIRECTION('center_axis',(0.,1.,0.));
#2481=DIRECTION('ref_axis',(1.,0.,0.));
#2482=DIRECTION('',(-1.,0.,0.));
#2483=DIRECTION('',(0.,0.,-1.));
#2484=DIRECTION('',(1.,0.,0.));
#2485=DIRECTION('',(0.,0.,-1.));
#2486=DIRECTION('center_axis',(-1.,0.,0.));
#2487=DIRECTION('ref_axis',(0.,1.,0.));
#2488=DIRECTION('',(0.,-1.,0.));
#2489=DIRECTION('',(0.,1.,0.));
#2490=DIRECTION('',(0.,0.,-1.));
#2491=DIRECTION('center_axis',(0.,-1.,0.));
#2492=DIRECTION('ref_axis',(-1.,0.,0.));
#2493=DIRECTION('',(1.,0.,0.));
#2494=DIRECTION('',(-1.,0.,0.));
#2495=DIRECTION('',(0.,0.,-1.));
#2496=DIRECTION('center_axis',(1.,0.,0.));
#2497=DIRECTION('ref_axis',(0.,-1.,0.));
#2498=DIRECTION('',(0.,1.,0.));
#2499=DIRECTION('',(0.,-1.,0.));
#2500=DIRECTION('center_axis',(0.,0.,-1.));
#2501=DIRECTION('ref_axis',(-1.,0.,0.));
#2502=DIRECTION('center_axis',(0.,0.,-1.));
#2503=DIRECTION('ref_axis',(1.,0.,0.));
#2504=DIRECTION('center_axis',(0.,-1.,0.));
#2505=DIRECTION('ref_axis',(-1.,0.,0.));
#2506=DIRECTION('',(1.,0.,0.));
#2507=DIRECTION('',(0.,0.,-1.));
#2508=DIRECTION('',(-1.,0.,0.));
#2509=DIRECTION('',(0.,0.,-1.));
#2510=DIRECTION('center_axis',(-1.,0.,0.));
#2511=DIRECTION('ref_axis',(0.,1.,0.));
#2512=DIRECTION('',(0.,-1.,0.));
#2513=DIRECTION('',(0.,0.,-1.));
#2514=DIRECTION('',(0.,1.,0.));
#2515=DIRECTION('center_axis',(0.,1.,0.));
#2516=DIRECTION('ref_axis',(1.,0.,0.));
#2517=DIRECTION('',(-1.,0.,0.));
#2518=DIRECTION('',(0.,0.,-1.));
#2519=DIRECTION('',(1.,0.,0.));
#2520=DIRECTION('center_axis',(1.,0.,0.));
#2521=DIRECTION('ref_axis',(0.,-1.,0.));
#2522=DIRECTION('',(0.,1.,0.));
#2523=DIRECTION('',(0.,-1.,0.));
#2524=DIRECTION('center_axis',(0.,0.,1.));
#2525=DIRECTION('ref_axis',(1.,0.,0.));
#2526=DIRECTION('center_axis',(0.,0.,1.));
#2527=DIRECTION('ref_axis',(-1.,0.,0.));
#2528=CARTESIAN_POINT('',(0.,0.,0.));
#2529=CARTESIAN_POINT('Origin',(1117.6,-508.,0.));
#2530=CARTESIAN_POINT('',(1117.6,508.,0.));
#2531=CARTESIAN_POINT('',(1117.6,-508.,0.));
#2532=CARTESIAN_POINT('',(1117.6,508.,0.));
#2533=CARTESIAN_POINT('',(1117.6,508.,19.05));
#2534=CARTESIAN_POINT('',(1117.6,508.,0.));
#2535=CARTESIAN_POINT('',(1117.6,-508.,19.05));
#2536=CARTESIAN_POINT('',(1117.6,508.,19.05));
#2537=CARTESIAN_POINT('',(1117.6,-508.,0.));
#2538=CARTESIAN_POINT('Origin',(-1117.6,-508.,0.));
#2539=CARTESIAN_POINT('',(-1117.6,-508.,0.));
#2540=CARTESIAN_POINT('',(1117.6,-508.,0.));
#2541=CARTESIAN_POINT('',(-1117.6,-508.,19.05));
#2542=CARTESIAN_POINT('',(1117.6,-508.,19.05));
#2543=CARTESIAN_POINT('',(-1117.6,-508.,0.));
#2544=CARTESIAN_POINT('Origin',(-1117.6,508.,0.));
#2545=CARTESIAN_POINT('',(-1117.6,508.,0.));
#2546=CARTESIAN_POINT('',(-1117.6,-508.,0.));
#2547=CARTESIAN_POINT('',(-1117.6,508.,19.05));
#2548=CARTESIAN_POINT('',(-1117.6,-508.,19.05));
#2549=CARTESIAN_POINT('',(-1117.6,508.,0.));
#2550=CARTESIAN_POINT('Origin',(1117.6,508.,0.));
#2551=CARTESIAN_POINT('',(-1117.6,508.,0.));
#2552=CARTESIAN_POINT('',(-1117.6,508.,19.05));
#2553=CARTESIAN_POINT('Origin',(0.,-7.105427357601E-14,19.05));
#2554=CARTESIAN_POINT('Origin',(0.,-7.105427357601E-14,0.));
#2555=CARTESIAN_POINT('Origin',(-8.22416436188632,-8.22416436188661,804.35));
#2556=CARTESIAN_POINT('',(-1117.6,-488.95,804.35));
#2557=CARTESIAN_POINT('',(-965.2,-488.95,804.35));
#2558=CARTESIAN_POINT('',(-486.712082180943,-488.95,804.35));
#2559=CARTESIAN_POINT('',(-1117.6,-508.,804.35));
#2560=CARTESIAN_POINT('',(-1117.6,-248.587082180943,804.35));
#2561=CARTESIAN_POINT('',(-965.2,-508.,804.35));
#2562=CARTESIAN_POINT('',(-562.912082180943,-508.,804.35));
#2563=CARTESIAN_POINT('',(-965.2,-258.112082180943,804.35));
#2564=CARTESIAN_POINT('Origin',(-1117.6,-508.,19.05));
#2565=CARTESIAN_POINT('',(-1117.6,-508.,19.05));
#2566=CARTESIAN_POINT('',(-1117.6,-508.,19.05));
#2567=CARTESIAN_POINT('',(-965.2,-508.,19.05));
#2568=CARTESIAN_POINT('',(-1117.6,-508.,19.05));
#2569=CARTESIAN_POINT('',(-965.2,-508.,19.05));
#2570=CARTESIAN_POINT('Origin',(-1117.6,-488.95,19.05));
#2571=CARTESIAN_POINT('',(-1117.6,-488.95,19.05));
#2572=CARTESIAN_POINT('',(-1117.6,-488.95,19.05));
#2573=CARTESIAN_POINT('',(-1117.6,-488.95,19.05));
#2574=CARTESIAN_POINT('Origin',(-965.2,-488.95,19.05));
#2575=CARTESIAN_POINT('',(-965.2,-488.95,19.05));
#2576=CARTESIAN_POINT('',(-965.2,-488.95,19.05));
#2577=CARTESIAN_POINT('',(-965.2,-488.95,19.05));
#2578=CARTESIAN_POINT('Origin',(-965.2,-508.,19.05));
#2579=CARTESIAN_POINT('',(-965.2,-508.,19.05));
#2580=CARTESIAN_POINT('Origin',(-1041.4,-498.475,19.05));
#2581=CARTESIAN_POINT('Origin',(-8.22416436188632,-8.22416436188661,804.35));
#2582=CARTESIAN_POINT('',(-1098.55,-355.6,804.35));
#2583=CARTESIAN_POINT('',(-1098.55,-488.95,804.35));
#2584=CARTESIAN_POINT('',(-1098.55,-248.587082180943,804.35));
#2585=CARTESIAN_POINT('',(-1117.6,-355.6,804.35));
#2586=CARTESIAN_POINT('',(-553.387082180943,-355.6,804.35));
#2587=CARTESIAN_POINT('',(-1117.6,-488.95,804.35));
#2588=CARTESIAN_POINT('',(-1117.6,-181.912082180943,804.35));
#2589=CARTESIAN_POINT('',(-562.912082180943,-488.95,804.35));
#2590=CARTESIAN_POINT('Origin',(-1117.6,-355.6,19.05));
#2591=CARTESIAN_POINT('',(-1117.6,-355.6,19.05));
#2592=CARTESIAN_POINT('',(-1117.6,-355.6,19.05));
#2593=CARTESIAN_POINT('',(-1117.6,-488.95,19.05));
#2594=CARTESIAN_POINT('',(-1117.6,-488.95,19.05));
#2595=CARTESIAN_POINT('',(-1117.6,-488.95,19.05));
#2596=CARTESIAN_POINT('Origin',(-1098.55,-355.6,19.05));
#2597=CARTESIAN_POINT('',(-1098.55,-355.6,19.05));
#2598=CARTESIAN_POINT('',(-1098.55,-355.6,19.05));
#2599=CARTESIAN_POINT('',(-1117.6,-355.6,19.05));
#2600=CARTESIAN_POINT('Origin',(-1098.55,-488.95,19.05));
#2601=CARTESIAN_POINT('',(-1098.55,-488.95,19.05));
#2602=CARTESIAN_POINT('',(-1098.55,-488.95,19.05));
#2603=CARTESIAN_POINT('',(-1098.55,-355.6,19.05));
#2604=CARTESIAN_POINT('Origin',(-1117.6,-488.95,19.05));
#2605=CARTESIAN_POINT('',(-965.2,-488.95,19.05));
#2606=CARTESIAN_POINT('Origin',(-1108.075,-422.275,19.05));
#2607=CARTESIAN_POINT('Origin',(-8.22416436188632,-8.22416436188661,804.35));
#2608=CARTESIAN_POINT('',(-965.2,488.95,804.35));
#2609=CARTESIAN_POINT('',(-1117.6,488.95,804.35));
#2610=CARTESIAN_POINT('',(-486.712082180943,488.95,804.35));
#2611=CARTESIAN_POINT('',(-965.2,508.,804.35));
#2612=CARTESIAN_POINT('',(-965.2,249.887917819057,804.35));
#2613=CARTESIAN_POINT('',(-1117.6,508.,804.35));
#2614=CARTESIAN_POINT('',(-562.912082180943,508.,804.35));
#2615=CARTESIAN_POINT('',(-1117.6,240.362917819057,804.35));
#2616=CARTESIAN_POINT('Origin',(-1117.6,508.,19.05));
#2617=CARTESIAN_POINT('',(-965.2,508.,19.05));
#2618=CARTESIAN_POINT('',(-965.2,508.,19.05));
#2619=CARTESIAN_POINT('',(-1117.6,508.,19.05));
#2620=CARTESIAN_POINT('',(-1117.6,508.,19.05));
#2621=CARTESIAN_POINT('',(-1117.6,508.,19.05));
#2622=CARTESIAN_POINT('Origin',(-965.2,508.,19.05));
#2623=CARTESIAN_POINT('',(-965.2,488.95,19.05));
#2624=CARTESIAN_POINT('',(-965.2,488.95,19.05));
#2625=CARTESIAN_POINT('',(-965.2,508.,19.05));
#2626=CARTESIAN_POINT('Origin',(-965.2,488.95,19.05));
#2627=CARTESIAN_POINT('',(-1117.6,488.95,19.05));
#2628=CARTESIAN_POINT('',(-1117.6,488.95,19.05));
#2629=CARTESIAN_POINT('',(-965.2,488.95,19.05));
#2630=CARTESIAN_POINT('Origin',(-1117.6,488.95,19.05));
#2631=CARTESIAN_POINT('',(-1117.6,488.95,19.05));
#2632=CARTESIAN_POINT('Origin',(-1041.4,498.475,19.05));
#2633=CARTESIAN_POINT('Origin',(-8.22416436188632,-8.22416436188661,804.35));
#2634=CARTESIAN_POINT('',(-1098.55,488.95,804.35));
#2635=CARTESIAN_POINT('',(-1098.55,355.6,804.35));
#2636=CARTESIAN_POINT('',(-1098.55,240.362917819057,804.35));
#2637=CARTESIAN_POINT('',(-1117.6,488.95,804.35));
#2638=CARTESIAN_POINT('',(-562.912082180943,488.95,804.35));
#2639=CARTESIAN_POINT('',(-1117.6,355.6,804.35));
#2640=CARTESIAN_POINT('',(-1117.6,173.687917819057,804.35));
#2641=CARTESIAN_POINT('',(-553.387082180943,355.6,804.35));
#2642=CARTESIAN_POINT('Origin',(-1117.6,355.6,19.05));
#2643=CARTESIAN_POINT('',(-1117.6,488.95,19.05));
#2644=CARTESIAN_POINT('',(-1117.6,488.95,19.05));
#2645=CARTESIAN_POINT('',(-1117.6,355.6,19.05));
#2646=CARTESIAN_POINT('',(-1117.6,488.95,19.05));
#2647=CARTESIAN_POINT('',(-1117.6,355.6,19.05));
#2648=CARTESIAN_POINT('Origin',(-1117.6,488.95,19.05));
#2649=CARTESIAN_POINT('',(-1098.55,488.95,19.05));
#2650=CARTESIAN_POINT('',(-1098.55,488.95,19.05));
#2651=CARTESIAN_POINT('',(-965.2,488.95,19.05));
#2652=CARTESIAN_POINT('Origin',(-1098.55,488.95,19.05));
#2653=CARTESIAN_POINT('',(-1098.55,355.6,19.05));
#2654=CARTESIAN_POINT('',(-1098.55,355.6,19.05));
#2655=CARTESIAN_POINT('',(-1098.55,355.6,19.05));
#2656=CARTESIAN_POINT('Origin',(-1098.55,355.6,19.05));
#2657=CARTESIAN_POINT('',(-1117.6,355.6,19.05));
#2658=CARTESIAN_POINT('Origin',(-1108.075,422.275,19.05));
#2659=CARTESIAN_POINT('Origin',(-8.22416436188632,-8.22416436188661,804.35));
#2660=CARTESIAN_POINT('',(965.2,-488.95,804.35));
#2661=CARTESIAN_POINT('',(1117.6,-488.95,804.35));
#2662=CARTESIAN_POINT('',(478.487917819057,-488.95,804.35));
#2663=CARTESIAN_POINT('',(965.2,-508.,804.35));
#2664=CARTESIAN_POINT('',(965.2,-258.112082180943,804.35));
#2665=CARTESIAN_POINT('',(1117.6,-508.,804.35));
#2666=CARTESIAN_POINT('',(554.687917819057,-508.,804.35));
#2667=CARTESIAN_POINT('',(1117.6,-248.587082180943,804.35));
#2668=CARTESIAN_POINT('Origin',(1117.6,-508.,19.05));
#2669=CARTESIAN_POINT('',(965.2,-508.,19.05));
#2670=CARTESIAN_POINT('',(965.2,-508.,19.05));
#2671=CARTESIAN_POINT('',(1117.6,-508.,19.05));
#2672=CARTESIAN_POINT('',(1117.6,-508.,19.05));
#2673=CARTESIAN_POINT('',(1117.6,-508.,19.05));
#2674=CARTESIAN_POINT('Origin',(965.2,-508.,19.05));
#2675=CARTESIAN_POINT('',(965.2,-488.95,19.05));
#2676=CARTESIAN_POINT('',(965.2,-488.95,19.05));
#2677=CARTESIAN_POINT('',(965.2,-508.,19.05));
#2678=CARTESIAN_POINT('Origin',(965.2,-488.95,19.05));
#2679=CARTESIAN_POINT('',(1117.6,-488.95,19.05));
#2680=CARTESIAN_POINT('',(1117.6,-488.95,19.05));
#2681=CARTESIAN_POINT('',(965.2,-488.95,19.05));
#2682=CARTESIAN_POINT('Origin',(1117.6,-488.95,19.05));
#2683=CARTESIAN_POINT('',(1117.6,-488.95,19.05));
#2684=CARTESIAN_POINT('Origin',(1041.4,-498.475,19.05));
#2685=CARTESIAN_POINT('Origin',(-8.22416436188632,-8.22416436188661,804.35));
#2686=CARTESIAN_POINT('',(1098.55,-488.95,804.35));
#2687=CARTESIAN_POINT('',(1098.55,-355.6,804.35));
#2688=CARTESIAN_POINT('',(1098.55,-248.587082180943,804.35));
#2689=CARTESIAN_POINT('',(1117.6,-488.95,804.35));
#2690=CARTESIAN_POINT('',(554.687917819057,-488.95,804.35));
#2691=CARTESIAN_POINT('',(1117.6,-355.6,804.35));
#2692=CARTESIAN_POINT('',(1117.6,-181.912082180943,804.35));
#2693=CARTESIAN_POINT('',(545.162917819057,-355.6,804.35));
#2694=CARTESIAN_POINT('Origin',(1117.6,-355.6,19.05));
#2695=CARTESIAN_POINT('',(1117.6,-488.95,19.05));
#2696=CARTESIAN_POINT('',(1117.6,-488.95,19.05));
#2697=CARTESIAN_POINT('',(1117.6,-355.6,19.05));
#2698=CARTESIAN_POINT('',(1117.6,-488.95,19.05));
#2699=CARTESIAN_POINT('',(1117.6,-355.6,19.05));
#2700=CARTESIAN_POINT('Origin',(1117.6,-488.95,19.05));
#2701=CARTESIAN_POINT('',(1098.55,-488.95,19.05));
#2702=CARTESIAN_POINT('',(1098.55,-488.95,19.05));
#2703=CARTESIAN_POINT('',(965.2,-488.95,19.05));
#2704=CARTESIAN_POINT('Origin',(1098.55,-488.95,19.05));
#2705=CARTESIAN_POINT('',(1098.55,-355.6,19.05));
#2706=CARTESIAN_POINT('',(1098.55,-355.6,19.05));
#2707=CARTESIAN_POINT('',(1098.55,-355.6,19.05));
#2708=CARTESIAN_POINT('Origin',(1098.55,-355.6,19.05));
#2709=CARTESIAN_POINT('',(1117.6,-355.6,19.05));
#2710=CARTESIAN_POINT('Origin',(1108.075,-422.275,19.05));
#2711=CARTESIAN_POINT('Origin',(-8.22416436188632,-8.22416436188661,804.35));
#2712=CARTESIAN_POINT('',(1117.6,488.95,804.35));
#2713=CARTESIAN_POINT('',(965.2,488.95,804.35));
#2714=CARTESIAN_POINT('',(478.487917819057,488.95,804.35));
#2715=CARTESIAN_POINT('',(1117.6,508.,804.35));
#2716=CARTESIAN_POINT('',(1117.6,240.362917819057,804.35));
#2717=CARTESIAN_POINT('',(965.2,508.,804.35));
#2718=CARTESIAN_POINT('',(554.687917819057,508.,804.35));
#2719=CARTESIAN_POINT('',(965.2,249.887917819057,804.35));
#2720=CARTESIAN_POINT('Origin',(1117.6,508.,19.05));
#2721=CARTESIAN_POINT('',(1117.6,508.,19.05));
#2722=CARTESIAN_POINT('',(1117.6,508.,19.05));
#2723=CARTESIAN_POINT('',(965.2,508.,19.05));
#2724=CARTESIAN_POINT('',(1117.6,508.,19.05));
#2725=CARTESIAN_POINT('',(965.2,508.,19.05));
#2726=CARTESIAN_POINT('Origin',(1117.6,488.95,19.05));
#2727=CARTESIAN_POINT('',(1117.6,488.95,19.05));
#2728=CARTESIAN_POINT('',(1117.6,488.95,19.05));
#2729=CARTESIAN_POINT('',(1117.6,488.95,19.05));
#2730=CARTESIAN_POINT('Origin',(965.2,488.95,19.05));
#2731=CARTESIAN_POINT('',(965.2,488.95,19.05));
#2732=CARTESIAN_POINT('',(965.2,488.95,19.05));
#2733=CARTESIAN_POINT('',(965.2,488.95,19.05));
#2734=CARTESIAN_POINT('Origin',(965.2,508.,19.05));
#2735=CARTESIAN_POINT('',(965.2,508.,19.05));
#2736=CARTESIAN_POINT('Origin',(1041.4,498.475,19.05));
#2737=CARTESIAN_POINT('Origin',(-8.22416436188632,-8.22416436188661,804.35));
#2738=CARTESIAN_POINT('',(1098.55,355.6,804.35));
#2739=CARTESIAN_POINT('',(1098.55,488.95,804.35));
#2740=CARTESIAN_POINT('',(1098.55,240.362917819057,804.35));
#2741=CARTESIAN_POINT('',(1117.6,355.6,804.35));
#2742=CARTESIAN_POINT('',(545.162917819057,355.6,804.35));
#2743=CARTESIAN_POINT('',(1117.6,488.95,804.35));
#2744=CARTESIAN_POINT('',(1117.6,173.687917819057,804.35));
#2745=CARTESIAN_POINT('',(554.687917819057,488.95,804.35));
#2746=CARTESIAN_POINT('Origin',(1117.6,355.6,19.05));
#2747=CARTESIAN_POINT('',(1117.6,355.6,19.05));
#2748=CARTESIAN_POINT('',(1117.6,355.6,19.05));
#2749=CARTESIAN_POINT('',(1117.6,488.95,19.05));
#2750=CARTESIAN_POINT('',(1117.6,488.95,19.05));
#2751=CARTESIAN_POINT('',(1117.6,488.95,19.05));
#2752=CARTESIAN_POINT('Origin',(1098.55,355.6,19.05));
#2753=CARTESIAN_POINT('',(1098.55,355.6,19.05));
#2754=CARTESIAN_POINT('',(1098.55,355.6,19.05));
#2755=CARTESIAN_POINT('',(1117.6,355.6,19.05));
#2756=CARTESIAN_POINT('Origin',(1098.55,488.95,19.05));
#2757=CARTESIAN_POINT('',(1098.55,488.95,19.05));
#2758=CARTESIAN_POINT('',(1098.55,488.95,19.05));
#2759=CARTESIAN_POINT('',(1098.55,355.6,19.05));
#2760=CARTESIAN_POINT('Origin',(1117.6,488.95,19.05));
#2761=CARTESIAN_POINT('',(965.2,488.95,19.05));
#2762=CARTESIAN_POINT('Origin',(1108.075,422.275,19.05));
#2763=CARTESIAN_POINT('Origin',(1098.55,470.95,19.05));
#2764=CARTESIAN_POINT('',(1098.55,488.95,19.05));
#2765=CARTESIAN_POINT('',(1098.55,470.95,19.05));
#2766=CARTESIAN_POINT('',(1098.55,488.95,19.05));
#2767=CARTESIAN_POINT('',(1098.55,488.95,222.25));
#2768=CARTESIAN_POINT('',(1098.55,488.95,19.05));
#2769=CARTESIAN_POINT('',(1098.55,470.95,222.25));
#2770=CARTESIAN_POINT('',(1098.55,488.95,222.25));
#2771=CARTESIAN_POINT('',(1098.55,470.95,19.05));
#2772=CARTESIAN_POINT('Origin',(-1098.55,470.95,19.05));
#2773=CARTESIAN_POINT('',(-1098.55,470.95,19.05));
#2774=CARTESIAN_POINT('',(1098.55,470.95,19.05));
#2775=CARTESIAN_POINT('',(-1098.55,470.95,222.25));
#2776=CARTESIAN_POINT('',(1098.55,470.95,222.25));
#2777=CARTESIAN_POINT('',(-1098.55,470.95,19.05));
#2778=CARTESIAN_POINT('Origin',(-1098.55,488.95,19.05));
#2779=CARTESIAN_POINT('',(-1098.55,488.95,19.05));
#2780=CARTESIAN_POINT('',(-1098.55,488.95,19.05));
#2781=CARTESIAN_POINT('',(-1098.55,488.95,222.25));
#2782=CARTESIAN_POINT('',(-1098.55,488.95,222.25));
#2783=CARTESIAN_POINT('',(-1098.55,488.95,19.05));
#2784=CARTESIAN_POINT('Origin',(1098.55,488.95,19.05));
#2785=CARTESIAN_POINT('',(-965.2,488.95,19.05));
#2786=CARTESIAN_POINT('',(-965.2,488.95,222.25));
#2787=CARTESIAN_POINT('Origin',(0.,479.95,222.25));
#2788=CARTESIAN_POINT('Origin',(0.,479.95,19.05));
#2789=CARTESIAN_POINT('Origin',(1098.55,-470.95,19.05));
#2790=CARTESIAN_POINT('',(1098.55,-488.95,19.05));
#2791=CARTESIAN_POINT('',(1098.55,-470.95,19.05));
#2792=CARTESIAN_POINT('',(1098.55,-488.95,19.05));
#2793=CARTESIAN_POINT('',(1098.55,-470.95,222.25));
#2794=CARTESIAN_POINT('',(1098.55,-470.95,19.05));
#2795=CARTESIAN_POINT('',(1098.55,-488.95,222.25));
#2796=CARTESIAN_POINT('',(1098.55,-488.95,222.25));
#2797=CARTESIAN_POINT('',(1098.55,-488.95,19.05));
#2798=CARTESIAN_POINT('Origin',(-1098.55,-470.95,19.05));
#2799=CARTESIAN_POINT('',(-1098.55,-470.95,19.05));
#2800=CARTESIAN_POINT('',(1098.55,-470.95,19.05));
#2801=CARTESIAN_POINT('',(-1098.55,-470.95,222.25));
#2802=CARTESIAN_POINT('',(-1098.55,-470.95,19.05));
#2803=CARTESIAN_POINT('',(1098.55,-470.95,222.25));
#2804=CARTESIAN_POINT('Origin',(-1098.55,-488.95,19.05));
#2805=CARTESIAN_POINT('',(-1098.55,-488.95,19.05));
#2806=CARTESIAN_POINT('',(-1098.55,-488.95,19.05));
#2807=CARTESIAN_POINT('',(-1098.55,-488.95,222.25));
#2808=CARTESIAN_POINT('',(-1098.55,-488.95,19.05));
#2809=CARTESIAN_POINT('',(-1098.55,-488.95,222.25));
#2810=CARTESIAN_POINT('Origin',(1098.55,-488.95,19.05));
#2811=CARTESIAN_POINT('',(-965.2,-488.95,19.05));
#2812=CARTESIAN_POINT('',(-965.2,-488.95,222.25));
#2813=CARTESIAN_POINT('Origin',(0.,-479.95,222.25));
#2814=CARTESIAN_POINT('Origin',(0.,-479.95,19.05));
#2815=CARTESIAN_POINT('Origin',(-1080.55,470.95,19.05));
#2816=CARTESIAN_POINT('',(-1098.55,470.95,19.05));
#2817=CARTESIAN_POINT('',(-1080.55,470.95,19.05));
#2818=CARTESIAN_POINT('',(-1098.55,470.95,19.05));
#2819=CARTESIAN_POINT('',(-1098.55,470.95,222.25));
#2820=CARTESIAN_POINT('',(-1098.55,470.95,19.05));
#2821=CARTESIAN_POINT('',(-1080.55,470.95,222.25));
#2822=CARTESIAN_POINT('',(-1098.55,470.95,222.25));
#2823=CARTESIAN_POINT('',(-1080.55,470.95,19.05));
#2824=CARTESIAN_POINT('Origin',(-1080.55,-470.95,19.05));
#2825=CARTESIAN_POINT('',(-1080.55,-470.95,19.05));
#2826=CARTESIAN_POINT('',(-1080.55,470.95,19.05));
#2827=CARTESIAN_POINT('',(-1080.55,-470.95,222.25));
#2828=CARTESIAN_POINT('',(-1080.55,470.95,222.25));
#2829=CARTESIAN_POINT('',(-1080.55,-470.95,19.05));
#2830=CARTESIAN_POINT('Origin',(-1098.55,-470.95,19.05));
#2831=CARTESIAN_POINT('',(-1098.55,-470.95,19.05));
#2832=CARTESIAN_POINT('',(-1098.55,-470.95,19.05));
#2833=CARTESIAN_POINT('',(-1098.55,-470.95,222.25));
#2834=CARTESIAN_POINT('',(-1098.55,-470.95,222.25));
#2835=CARTESIAN_POINT('',(-1098.55,-470.95,19.05));
#2836=CARTESIAN_POINT('Origin',(-1098.55,470.95,19.05));
#2837=CARTESIAN_POINT('',(-1098.55,488.95,19.05));
#2838=CARTESIAN_POINT('',(-1098.55,488.95,222.25));
#2839=CARTESIAN_POINT('Origin',(-1089.55,0.,222.25));
#2840=CARTESIAN_POINT('Origin',(-1089.55,0.,19.05));
#2841=CARTESIAN_POINT('Origin',(1080.55,470.95,19.05));
#2842=CARTESIAN_POINT('',(1098.55,470.95,19.05));
#2843=CARTESIAN_POINT('',(1080.55,470.95,19.05));
#2844=CARTESIAN_POINT('',(1098.55,470.95,19.05));
#2845=CARTESIAN_POINT('',(1080.55,470.95,222.25));
#2846=CARTESIAN_POINT('',(1080.55,470.95,19.05));
#2847=CARTESIAN_POINT('',(1098.55,470.95,222.25));
#2848=CARTESIAN_POINT('',(1098.55,470.95,222.25));
#2849=CARTESIAN_POINT('',(1098.55,470.95,19.05));
#2850=CARTESIAN_POINT('Origin',(1080.55,-470.95,19.05));
#2851=CARTESIAN_POINT('',(1080.55,-470.95,19.05));
#2852=CARTESIAN_POINT('',(1080.55,470.95,19.05));
#2853=CARTESIAN_POINT('',(1080.55,-470.95,222.25));
#2854=CARTESIAN_POINT('',(1080.55,-470.95,19.05));
#2855=CARTESIAN_POINT('',(1080.55,470.95,222.25));
#2856=CARTESIAN_POINT('Origin',(1098.55,-470.95,19.05));
#2857=CARTESIAN_POINT('',(1098.55,-470.95,19.05));
#2858=CARTESIAN_POINT('',(1098.55,-470.95,19.05));
#2859=CARTESIAN_POINT('',(1098.55,-470.95,222.25));
#2860=CARTESIAN_POINT('',(1098.55,-470.95,19.05));
#2861=CARTESIAN_POINT('',(1098.55,-470.95,222.25));
#2862=CARTESIAN_POINT('Origin',(1098.55,470.95,19.05));
#2863=CARTESIAN_POINT('',(1098.55,488.95,19.05));
#2864=CARTESIAN_POINT('',(1098.55,488.95,222.25));
#2865=CARTESIAN_POINT('Origin',(1089.55,0.,222.25));
#2866=CARTESIAN_POINT('Origin',(1089.55,0.,19.05));
#2867=CARTESIAN_POINT('Origin',(1098.55,-488.95,222.25));
#2868=CARTESIAN_POINT('',(1098.55,-488.95,222.25));
#2869=CARTESIAN_POINT('',(1098.55,488.95,222.25));
#2870=CARTESIAN_POINT('',(1098.55,-488.95,222.25));
#2871=CARTESIAN_POINT('',(1098.55,488.95,240.25));
#2872=CARTESIAN_POINT('',(1098.55,488.95,222.25));
#2873=CARTESIAN_POINT('',(1098.55,-488.95,240.25));
#2874=CARTESIAN_POINT('',(1098.55,-488.95,240.25));
#2875=CARTESIAN_POINT('',(1098.55,-488.95,222.25));
#2876=CARTESIAN_POINT('Origin',(-1098.55,-488.95,222.25));
#2877=CARTESIAN_POINT('',(-1098.55,-488.95,222.25));
#2878=CARTESIAN_POINT('',(1098.55,-488.950000000006,222.25));
#2879=CARTESIAN_POINT('',(-1098.55,-488.95,240.25));
#2880=CARTESIAN_POINT('',(1098.55,-488.950000000006,240.25));
#2881=CARTESIAN_POINT('',(-1098.55,-488.95,222.25));
#2882=CARTESIAN_POINT('Origin',(-1098.55,488.95,222.25));
#2883=CARTESIAN_POINT('',(-1098.55,488.95,222.25));
#2884=CARTESIAN_POINT('',(-1098.55,488.95,222.25));
#2885=CARTESIAN_POINT('',(-1098.55,488.95,240.25));
#2886=CARTESIAN_POINT('',(-1098.55,488.95,240.25));
#2887=CARTESIAN_POINT('',(-1098.55,488.95,222.25));
#2888=CARTESIAN_POINT('Origin',(1098.55,488.95,222.25));
#2889=CARTESIAN_POINT('',(-1098.55,488.95,222.25));
#2890=CARTESIAN_POINT('',(-1098.55,488.95,240.25));
#2891=CARTESIAN_POINT('Origin',(0.,-2.77111666946439E-12,240.25));
#2892=CARTESIAN_POINT('Origin',(0.,-2.77111666946439E-12,222.25));
#2893=CARTESIAN_POINT('Origin',(-9.00000000000009,470.95,19.05));
#2894=CARTESIAN_POINT('',(-8.99999999999997,-470.949999999997,19.05));
#2895=CARTESIAN_POINT('',(-9.00000000000006,470.95,19.05));
#2896=CARTESIAN_POINT('',(-8.99999999999997,-470.949999999997,19.05));
#2897=CARTESIAN_POINT('',(-8.99999999999997,-470.949999999997,222.25));
#2898=CARTESIAN_POINT('',(-8.99999999999997,-470.949999999997,19.05));
#2899=CARTESIAN_POINT('',(-9.00000000000006,470.95,222.25));
#2900=CARTESIAN_POINT('',(-8.99999999999997,-470.949999999997,222.25));
#2901=CARTESIAN_POINT('',(-9.00000000000006,470.95,19.05));
#2902=CARTESIAN_POINT('Origin',(9.00000000000006,470.95,19.05));
#2903=CARTESIAN_POINT('',(9.00000000000006,470.95,19.05));
#2904=CARTESIAN_POINT('',(-1098.55,470.95,19.05));
#2905=CARTESIAN_POINT('',(9.00000000000006,470.95,222.25));
#2906=CARTESIAN_POINT('',(-1098.55,470.95,222.25));
#2907=CARTESIAN_POINT('',(9.00000000000006,470.95,19.05));
#2908=CARTESIAN_POINT('Origin',(9.00000000000003,-470.949999999997,19.05));
#2909=CARTESIAN_POINT('',(9.00000000000003,-470.949999999997,19.05));
#2910=CARTESIAN_POINT('',(9.00000000000003,470.95,19.05));
#2911=CARTESIAN_POINT('',(9.00000000000003,-470.949999999997,222.25));
#2912=CARTESIAN_POINT('',(9.00000000000003,470.95,222.25));
#2913=CARTESIAN_POINT('',(9.00000000000003,-470.949999999997,19.05));
#2914=CARTESIAN_POINT('Origin',(-8.99999999999997,-470.949999999997,19.05));
#2915=CARTESIAN_POINT('',(9.00000000000003,-470.949999999997,19.05));
#2916=CARTESIAN_POINT('',(9.00000000000003,-470.949999999997,222.25));
#2917=CARTESIAN_POINT('Origin',(-1.88737914186277E-14,1.70530256582424E-12,
222.25));
#2918=CARTESIAN_POINT('Origin',(-1.88737914186277E-14,1.70530256582424E-12,
19.05));
#2919=CARTESIAN_POINT('Origin',(-1117.6,508.,804.85));
#2920=CARTESIAN_POINT('',(-1117.6,-508.,804.85));
#2921=CARTESIAN_POINT('',(-1117.6,508.,804.85));
#2922=CARTESIAN_POINT('',(-1117.6,-508.,804.85));
#2923=CARTESIAN_POINT('',(-1117.6,-508.,822.85));
#2924=CARTESIAN_POINT('',(-1117.6,-508.,804.85));
#2925=CARTESIAN_POINT('',(-1117.6,508.,822.85));
#2926=CARTESIAN_POINT('',(-1117.6,-508.,822.85));
#2927=CARTESIAN_POINT('',(-1117.6,508.,804.85));
#2928=CARTESIAN_POINT('Origin',(1117.6,508.,804.85));
#2929=CARTESIAN_POINT('',(1117.6,508.,804.85));
#2930=CARTESIAN_POINT('',(-1117.6,508.,804.85));
#2931=CARTESIAN_POINT('',(1117.6,508.,822.85));
#2932=CARTESIAN_POINT('',(-1117.6,508.,822.85));
#2933=CARTESIAN_POINT('',(1117.6,508.,804.85));
#2934=CARTESIAN_POINT('Origin',(1117.6,-508.,804.85));
#2935=CARTESIAN_POINT('',(1117.6,-508.,804.85));
#2936=CARTESIAN_POINT('',(1117.6,508.,804.85));
#2937=CARTESIAN_POINT('',(1117.6,-508.,822.85));
#2938=CARTESIAN_POINT('',(1117.6,508.,822.85));
#2939=CARTESIAN_POINT('',(1117.6,-508.,804.85));
#2940=CARTESIAN_POINT('Origin',(-1117.6,-508.,804.85));
#2941=CARTESIAN_POINT('',(1117.6,-508.,804.85));
#2942=CARTESIAN_POINT('',(1117.6,-508.,822.85));
#2943=CARTESIAN_POINT('Origin',(0.,0.,822.85));
#2944=CARTESIAN_POINT('Origin',(0.,0.,804.85));
#2945=CARTESIAN_POINT('Origin',(-1098.55,-488.95,804.85));
#2946=CARTESIAN_POINT('',(-1098.55,-470.95,804.85));
#2947=CARTESIAN_POINT('',(-1098.55,-488.95,804.85));
#2948=CARTESIAN_POINT('',(-1098.55,-470.95,804.85));
#2949=CARTESIAN_POINT('',(-1098.55,-470.95,754.05));
#2950=CARTESIAN_POINT('',(-1098.55,-470.95,804.85));
#2951=CARTESIAN_POINT('',(-1098.55,-488.95,754.05));
#2952=CARTESIAN_POINT('',(-1098.55,-470.95,754.05));
#2953=CARTESIAN_POINT('',(-1098.55,-488.95,804.85));
#2954=CARTESIAN_POINT('Origin',(1098.55,-488.95,804.85));
#2955=CARTESIAN_POINT('',(1098.55,-488.95,804.85));
#2956=CARTESIAN_POINT('',(-1098.55,-488.95,804.85));
#2957=CARTESIAN_POINT('',(1098.55,-488.95,754.05));
#2958=CARTESIAN_POINT('',(-1098.55,-488.95,754.05));
#2959=CARTESIAN_POINT('',(1098.55,-488.95,804.85));
#2960=CARTESIAN_POINT('Origin',(1098.55,-470.95,804.85));
#2961=CARTESIAN_POINT('',(1098.55,-470.95,804.85));
#2962=CARTESIAN_POINT('',(1098.55,-488.95,804.85));
#2963=CARTESIAN_POINT('',(1098.55,-470.95,754.05));
#2964=CARTESIAN_POINT('',(1098.55,-488.95,754.05));
#2965=CARTESIAN_POINT('',(1098.55,-470.95,804.85));
#2966=CARTESIAN_POINT('Origin',(-1098.55,-470.95,804.85));
#2967=CARTESIAN_POINT('',(1098.55,-470.95,804.85));
#2968=CARTESIAN_POINT('',(1098.55,-470.95,754.05));
#2969=CARTESIAN_POINT('Origin',(0.,-479.95,754.05));
#2970=CARTESIAN_POINT('Origin',(0.,-479.95,804.85));
#2971=CARTESIAN_POINT('Origin',(-1098.55,488.95,804.85));
#2972=CARTESIAN_POINT('',(-1098.55,470.95,804.85));
#2973=CARTESIAN_POINT('',(-1098.55,488.95,804.85));
#2974=CARTESIAN_POINT('',(-1098.55,470.95,804.85));
#2975=CARTESIAN_POINT('',(-1098.55,488.95,754.05));
#2976=CARTESIAN_POINT('',(-1098.55,488.95,804.85));
#2977=CARTESIAN_POINT('',(-1098.55,470.95,754.05));
#2978=CARTESIAN_POINT('',(-1098.55,470.95,754.05));
#2979=CARTESIAN_POINT('',(-1098.55,470.95,804.85));
#2980=CARTESIAN_POINT('Origin',(1098.55,488.95,804.85));
#2981=CARTESIAN_POINT('',(1098.55,488.95,804.85));
#2982=CARTESIAN_POINT('',(-1098.55,488.95,804.85));
#2983=CARTESIAN_POINT('',(1098.55,488.95,754.05));
#2984=CARTESIAN_POINT('',(1098.55,488.95,804.85));
#2985=CARTESIAN_POINT('',(-1098.55,488.95,754.05));
#2986=CARTESIAN_POINT('Origin',(1098.55,470.95,804.85));
#2987=CARTESIAN_POINT('',(1098.55,470.95,804.85));
#2988=CARTESIAN_POINT('',(1098.55,488.95,804.85));
#2989=CARTESIAN_POINT('',(1098.55,470.95,754.05));
#2990=CARTESIAN_POINT('',(1098.55,470.95,804.85));
#2991=CARTESIAN_POINT('',(1098.55,488.95,754.05));
#2992=CARTESIAN_POINT('Origin',(-1098.55,470.95,804.85));
#2993=CARTESIAN_POINT('',(1098.55,470.95,804.85));
#2994=CARTESIAN_POINT('',(1098.55,470.95,754.05));
#2995=CARTESIAN_POINT('Origin',(0.,479.95,754.05));
#2996=CARTESIAN_POINT('Origin',(0.,479.95,804.85));
#2997=CARTESIAN_POINT('Origin',(-1098.55,470.95,804.85));
#2998=CARTESIAN_POINT('',(-1080.55,470.95,804.85));
#2999=CARTESIAN_POINT('',(-1098.55,470.95,804.85));
#3000=CARTESIAN_POINT('',(-1080.55,470.95,804.85));
#3001=CARTESIAN_POINT('',(-1080.55,470.95,754.05));
#3002=CARTESIAN_POINT('',(-1080.55,470.95,804.85));
#3003=CARTESIAN_POINT('',(-1098.55,470.95,754.05));
#3004=CARTESIAN_POINT('',(-1080.55,470.95,754.05));
#3005=CARTESIAN_POINT('',(-1098.55,470.95,804.85));
#3006=CARTESIAN_POINT('Origin',(-1098.55,-470.95,804.85));
#3007=CARTESIAN_POINT('',(-1098.55,-470.95,804.85));
#3008=CARTESIAN_POINT('',(-1098.55,470.95,804.85));
#3009=CARTESIAN_POINT('',(-1098.55,-470.95,754.05));
#3010=CARTESIAN_POINT('',(-1098.55,470.95,754.05));
#3011=CARTESIAN_POINT('',(-1098.55,-470.95,804.85));
#3012=CARTESIAN_POINT('Origin',(-1080.55,-470.95,804.85));
#3013=CARTESIAN_POINT('',(-1080.55,-470.95,804.85));
#3014=CARTESIAN_POINT('',(-1098.55,-470.95,804.85));
#3015=CARTESIAN_POINT('',(-1080.55,-470.95,754.05));
#3016=CARTESIAN_POINT('',(-1098.55,-470.95,754.05));
#3017=CARTESIAN_POINT('',(-1080.55,-470.95,804.85));
#3018=CARTESIAN_POINT('Origin',(-1080.55,470.95,804.85));
#3019=CARTESIAN_POINT('',(-1080.55,-470.95,804.85));
#3020=CARTESIAN_POINT('',(-1080.55,-470.95,754.05));
#3021=CARTESIAN_POINT('Origin',(-1089.55,0.,754.05));
#3022=CARTESIAN_POINT('Origin',(-1089.55,0.,804.85));
#3023=CARTESIAN_POINT('Origin',(1098.55,470.95,804.85));
#3024=CARTESIAN_POINT('',(1080.55,470.95,804.85));
#3025=CARTESIAN_POINT('',(1098.55,470.95,804.85));
#3026=CARTESIAN_POINT('',(1080.55,470.95,804.85));
#3027=CARTESIAN_POINT('',(1098.55,470.95,754.05));
#3028=CARTESIAN_POINT('',(1098.55,470.95,804.85));
#3029=CARTESIAN_POINT('',(1080.55,470.95,754.05));
#3030=CARTESIAN_POINT('',(1080.55,470.95,754.05));
#3031=CARTESIAN_POINT('',(1080.55,470.95,804.85));
#3032=CARTESIAN_POINT('Origin',(1098.55,-470.95,804.85));
#3033=CARTESIAN_POINT('',(1098.55,-470.95,804.85));
#3034=CARTESIAN_POINT('',(1098.55,470.95,804.85));
#3035=CARTESIAN_POINT('',(1098.55,-470.95,754.05));
#3036=CARTESIAN_POINT('',(1098.55,-470.95,804.85));
#3037=CARTESIAN_POINT('',(1098.55,470.95,754.05));
#3038=CARTESIAN_POINT('Origin',(1080.55,-470.95,804.85));
#3039=CARTESIAN_POINT('',(1080.55,-470.95,804.85));
#3040=CARTESIAN_POINT('',(1098.55,-470.95,804.85));
#3041=CARTESIAN_POINT('',(1080.55,-470.95,754.05));
#3042=CARTESIAN_POINT('',(1080.55,-470.95,804.85));
#3043=CARTESIAN_POINT('',(1098.55,-470.95,754.05));
#3044=CARTESIAN_POINT('Origin',(1080.55,470.95,804.85));
#3045=CARTESIAN_POINT('',(1080.55,-470.95,804.85));
#3046=CARTESIAN_POINT('',(1080.55,-470.95,754.05));
#3047=CARTESIAN_POINT('Origin',(1089.55,0.,754.05));
#3048=CARTESIAN_POINT('Origin',(1089.55,0.,804.85));
#3049=UNCERTAINTY_MEASURE_WITH_UNIT(LENGTH_MEASURE(0.01),#3053,
'DISTANCE_ACCURACY_VALUE',
'Maximum model space distance between geometric entities at asserted c
onnectivities');
#3050=UNCERTAINTY_MEASURE_WITH_UNIT(LENGTH_MEASURE(0.01),#3053,
'DISTANCE_ACCURACY_VALUE',
'Maximum model space distance between geometric entities at asserted c
onnectivities');
#3051=(
GEOMETRIC_REPRESENTATION_CONTEXT(3)
GLOBAL_UNCERTAINTY_ASSIGNED_CONTEXT((#3049))
GLOBAL_UNIT_ASSIGNED_CONTEXT((#3053,#3055,#3056))
REPRESENTATION_CONTEXT('','3D')
);
#3052=(
GEOMETRIC_REPRESENTATION_CONTEXT(3)
GLOBAL_UNCERTAINTY_ASSIGNED_CONTEXT((#3050))
GLOBAL_UNIT_ASSIGNED_CONTEXT((#3053,#3055,#3056))
REPRESENTATION_CONTEXT('','3D')
);
#3053=(
LENGTH_UNIT()
NAMED_UNIT(*)
SI_UNIT(.MILLI.,.METRE.)
);
#3054=(
LENGTH_UNIT()
NAMED_UNIT(*)
SI_UNIT($,.METRE.)
);
#3055=(
NAMED_UNIT(*)
PLANE_ANGLE_UNIT()
SI_UNIT($,.RADIAN.)
);
#3056=(
NAMED_UNIT(*)
SI_UNIT($,.STERADIAN.)
SOLID_ANGLE_UNIT()
);
#3057=SHAPE_DEFINITION_REPRESENTATION(#3058,#3059);
#3058=PRODUCT_DEFINITION_SHAPE('',$,#3061);
#3059=SHAPE_REPRESENTATION('',(#1925),#3051);
#3060=PRODUCT_DEFINITION_CONTEXT('part definition',#3065,'design');
#3061=PRODUCT_DEFINITION('2026-07-10-23-40-06-213','plywood workbenchg',
#3062,#3060);
#3062=PRODUCT_DEFINITION_FORMATION('',$,#3067);
#3063=PRODUCT_RELATED_PRODUCT_CATEGORY('plywood workbenchg',
'plywood workbenchg',(#3067));
#3064=APPLICATION_PROTOCOL_DEFINITION('international standard',
'automotive_design',2009,#3065);
#3065=APPLICATION_CONTEXT(
'Core Data for Automotive Mechanical Design Process');
#3066=PRODUCT_CONTEXT('part definition',#3065,'mechanical');
#3067=PRODUCT('2026-07-10-23-40-06-213','plywood workbenchg',$,(#3066));
#3068=PRESENTATION_STYLE_ASSIGNMENT((#3069));
#3069=SURFACE_STYLE_USAGE(.BOTH.,#3070);
#3070=SURFACE_SIDE_STYLE('',(#3071));
#3071=SURFACE_STYLE_FILL_AREA(#3072);
#3072=FILL_AREA_STYLE('Steel - Satin',(#3073));
#3073=FILL_AREA_STYLE_COLOUR('Steel - Satin',#3074);
#3074=COLOUR_RGB('Steel - Satin',0.627450980392157,0.627450980392157,0.627450980392157);
ENDSEC;
END-ISO-10303-21;
